OID_,FID_MI_CSMI_2015_pts_ID,FID_MI_CSMI_2015_pts,StationCod,AltStation,ProjectNam,SiteType,PositionN_,PositionE_,DepthM__ta,LatDD_targ,LonDD_targ,LatDDM_act,LonDDM_act,LatDD_actu,LonDD_actu,LatDD2map,LonDD2map,SampleDate,TimeUTC,TimeEST,DepthM_act,WQdepth_m,STISkey,NH4_ugNL,SRP_ugL,NOx_ugNL,TP_ugL,TN_ugL,Cl__mgL,Chla_ugL,FID_psTces,SP_ID,ID,GreenBay,FID_Lake_MI_zones,Name,Descriptio
1,1,153,StJoe_18,St. Joseph NS,CSMI_15,transect,S2,E,18,42.133583000000002,-86.530600000000007, 42 08.00 N, 086 31.86 W,42.133330000000001,-86.530000000000001,42.133330000000001,-86.530000000000001,5/20/2015 0:00:00,12/30/1899 0:00:00,12/30/1899 0:00:00,19,5,5122,7.270000000000000,1.440000000000000,324.800000000000011,7.270000000000000,441.199999999999989,13.240000000000000,1.740000000000000,5353,5354,5354,0,-1,,
2,2,154,StJoe_18,St. Joseph NS,CSMI_15,transect,S2,E,18,42.133583000000002,-86.530600000000007, 42 08.00 N, 086 31.86 W,42.133330000000001,-86.530000000000001,42.133330000000001,-86.530000000000001,5/20/2015 0:00:00,12/30/1899 0:00:00,12/30/1899 0:00:00,19,17,5126,10.060000000000000,1.430000000000000,311.500000000000000,5.950000000000000,448.100000000000023,13.470000000000001,0.940000000000000,5353,5354,5354,0,-1,,
3,3,151,StJoe_18,St. Joseph NS,CSMI_15,transect,S2,E,18,42.133583000000002,-86.530600000000007, 42 08.03 N, 086 31.83 W,42.133830000000003,-86.530000000000001,42.133830000000003,-86.530000000000001,7/9/2015 0:00:00,12/30/1899 0:00:00,12/30/1899 0:00:00,19,5,5548,10.410000000000000,2.500000000000000,301.500000000000000,6.690000000000000,513.500000000000000,13.760000000000000,3.490000000000000,5353,5354,5354,0,-1,,
4,4,152,StJoe_18,St. Joseph NS,CSMI_15,transect,S2,E,18,42.133583000000002,-86.530600000000007, 42 08.03 N, 086 31.83 W,42.133830000000003,-86.530000000000001,42.133830000000003,-86.530000000000001,7/9/2015 0:00:00,12/30/1899 0:00:00,12/30/1899 0:00:00,19,17,5552,11.449999999999999,2.290000000000000,251.900000000000006,17.879999999999999,469.300000000000011,12.650000000000000,1.520000000000000,5353,5354,5354,0,-1,,
5,5,158,StJoe_46,St. Joseph MID,CSMI_15,transect,S2,E,46,42.214883000000000,-86.641149999999996, 42 12.89 N, 086 38.47 W,42.214829999999999,-86.640000000000001,42.214829999999999,-86.640000000000001,5/20/2015 0:00:00,12/30/1899 0:00:00,12/30/1899 0:00:00,46,10,5130,11.150000000000000,1.540000000000000,304.199999999999989,14.990000000000000,426.600000000000023,12.770000000000000,0.710000000000000,5229,5230,5230,0,-1,,
6,6,159,StJoe_46,St. Joseph MID,CSMI_15,transect,S2,E,46,42.214883000000000,-86.641149999999996, 42 12.89 N, 086 38.47 W,42.214829999999999,-86.640000000000001,42.214829999999999,-86.640000000000001,5/20/2015 0:00:00,12/30/1899 0:00:00,12/30/1899 0:00:00,46,44,5134,6.380000000000000,2.700000000000000,290.000000000000000,16.739999999999998,444.699999999999989,12.500000000000000,0.650000000000000,5229,5230,5230,0,-1,,
7,7,155,StJoe_46,St. Joseph MID,CSMI_15,transect,S2,E,46,42.214883000000000,-86.641149999999996, 42 12.93 N, 086 38.45 W,42.215499999999999,-86.640000000000001,42.215499999999999,-86.640000000000001,7/9/2015 0:00:00,12/30/1899 0:00:00,12/30/1899 0:00:00,45,5,5556,7.900000000000000,2.640000000000000,253.099999999999994,4.260000000000000,554.000000000000000,13.160000000000000,2.080000000000000,5229,5230,5230,0,-1,,
8,8,156,StJoe_46,St. Joseph MID,CSMI_15,transect,S2,E,46,42.214883000000000,-86.641149999999996, 42 12.93 N, 086 38.45 W,42.215499999999999,-86.640000000000001,42.215499999999999,-86.640000000000001,7/9/2015 0:00:00,12/30/1899 0:00:00,12/30/1899 0:00:00,45,24,5558,15.000000000000000,1.990000000000000,269.800000000000011,13.310000000000000,430.500000000000000,12.690000000000000,0.950000000000000,5229,5230,5230,0,-1,,
9,9,157,StJoe_46,St. Joseph MID,CSMI_15,transect,S2,E,46,42.214883000000000,-86.641149999999996, 42 12.93 N, 086 38.45 W,42.215499999999999,-86.640000000000001,42.215499999999999,-86.640000000000001,7/9/2015 0:00:00,12/30/1899 0:00:00,12/30/1899 0:00:00,45,43,5560,17.300000000000001,3.550000000000000,272.699999999999989,4.560000000000000,435.399999999999977,12.740000000000000,0.560000000000000,5229,5230,5230,0,-1,,
10,10,145,StJoe_110,St. Joseph OS,CSMI_15,transect,S2,E,110,42.265799999999999,-86.801232999999996, 42 15.93 N, 086 48.08 W,42.265500000000003,-86.799999999999997,42.265500000000003,-86.799999999999997,7/9/2015 0:00:00,12/30/1899 0:00:00,12/30/1899 0:00:00,107,5,5564,3.860000000000000,1.380000000000000,253.400000000000006,5.890000000000000,438.699999999999989,13.260000000000000,2.190000000000000,5226,5227,5227,0,-1,,
11,11,146,StJoe_110,St. Joseph OS,CSMI_15,transect,S2,E,110,42.265799999999999,-86.801232999999996, 42 15.93 N, 086 48.08 W,42.265500000000003,-86.799999999999997,42.265500000000003,-86.799999999999997,7/9/2015 0:00:00,12/30/1899 0:00:00,12/30/1899 0:00:00,107,18,5566,4.120000000000000,1.780000000000000,267.300000000000011,12.020000000000000,438.000000000000000,12.640000000000001,1.690000000000000,5226,5227,5227,0,-1,,
12,12,147,StJoe_110,St. Joseph OS,CSMI_15,transect,S2,E,110,42.265799999999999,-86.801232999999996, 42 15.93 N, 086 48.08 W,42.265500000000003,-86.799999999999997,42.265500000000003,-86.799999999999997,7/9/2015 0:00:00,12/30/1899 0:00:00,12/30/1899 0:00:00,107,105,5568,12.550000000000001,1.990000000000000,280.199999999999989,27.250000000000000,497.399999999999977,12.430000000000000,0.110000000000000,5226,5227,5227,0,-1,,
13,13,148,StJoe_110,St. Joseph OS,CSMI_15,transect,S2,E,110,42.265799999999999,-86.801232999999996, 42 15.93 N, 086 48.08 W,42.265500000000003,-86.799999999999997,42.265500000000003,-86.799999999999997,7/9/2015 0:00:00,12/30/1899 0:00:00,12/30/1899 0:00:00,107,35,5569,5.900000000000000,2.080000000000000,271.500000000000000,15.430000000000000,437.699999999999989,12.330000000000000,1.400000000000000,5226,5227,5227,0,-1,,
14,14,149,StJoe_110,St. Joseph OS,CSMI_15,transect,S2,E,110,42.265799999999999,-86.801232999999996, 42 15.94 N, 086 48.05 W,42.265670000000000,-86.799999999999997,42.265670000000000,-86.799999999999997,5/20/2015 0:00:00,12/30/1899 0:00:00,12/30/1899 0:00:00,108,10,5138,5.640000000000000,0.550000000000000,322.000000000000000,13.850000000000000,439.199999999999989,12.320000000000000,0.490000000000000,5226,5227,5227,0,-1,,
15,15,150,StJoe_110,St. Joseph OS,CSMI_15,transect,S2,E,110,42.265799999999999,-86.801232999999996, 42 15.94 N, 086 48.05 W,42.265670000000000,-86.799999999999997,42.265670000000000,-86.799999999999997,5/20/2015 0:00:00,12/30/1899 0:00:00,12/30/1899 0:00:00,108,106,5142,5.890000000000000,1.170000000000000,321.500000000000000,5.570000000000000,445.000000000000000,12.289999999999999,0.330000000000000,5226,5227,5227,0,-1,,
16,16,160,StJoe_xdeep,St Joes Extra Deep,CSMI_15,transect,S2,M,0,0.000000000000000,0.000000000000000, 42 23.89 N, 086 54.04 W,42.398170000000000,-86.900000000000006,42.398170000000000,-86.900000000000006,5/20/2015 0:00:00,12/30/1899 0:00:00,12/30/1899 0:00:00,134,10,5194,6.710000000000000,0.550000000000000,325.500000000000000,12.570000000000000,442.300000000000011,12.350000000000000,0.370000000000000,5056,5057,5057,0,-1,,
17,17,161,StJoe_xdeep,St Joes Extra Deep,CSMI_15,transect,S2,M,0,0.000000000000000,0.000000000000000, 42 23.89 N, 086 54.04 W,42.398170000000000,-86.900000000000006,42.398170000000000,-86.900000000000006,5/20/2015 0:00:00,12/30/1899 0:00:00,12/30/1899 0:00:00,134,132,5198,8.619999999999999,0.550000000000000,321.399999999999977,5.920000000000000,440.199999999999989,12.289999999999999,0.280000000000000,5056,5057,5057,0,-1,,
18,18,174,Wauk_110,Waukegon OS,CSMI_15,transect,S2,W,90,42.458233000000000,-87.502217000000002, 42 27.47 N, 087 30.12 W,42.457830000000001,-87.501670000000004,42.457830000000001,-87.501670000000004,7/6/2015 0:00:00,12/30/1899 0:00:00,12/30/1899 0:00:00,89,5,5186,5.860000000000000,1.110000000000000,314.000000000000000,6.630000000000000,431.399999999999977,11.930000000000000,0.340000000000000,5044,5045,5045,0,-1,,
19,19,175,Wauk_110,Waukegon OS,CSMI_15,transect,S2,W,90,42.458233000000000,-87.502217000000002, 42 27.47 N, 087 30.12 W,42.457830000000001,-87.501670000000004,42.457830000000001,-87.501670000000004,7/6/2015 0:00:00,12/30/1899 0:00:00,12/30/1899 0:00:00,89,60,5188,8.480000000000000,0.550000000000000,323.199999999999989,6.560000000000000,451.100000000000023,12.440000000000000,1.090000000000000,5044,5045,5045,0,-1,,
20,20,176,Wauk_110,Waukegon OS,CSMI_15,transect,S2,W,90,42.458233000000000,-87.502217000000002, 42 27.47 N, 087 30.12 W,42.457830000000001,-87.501670000000004,42.457830000000001,-87.501670000000004,7/6/2015 0:00:00,12/30/1899 0:00:00,12/30/1899 0:00:00,89,87,5190,11.480000000000000,0.550000000000000,322.600000000000023,6.650000000000000,434.000000000000000,12.369999999999999,0.200000000000000,5044,5045,5045,0,-1,,
21,21,177,Wauk_110,Waukegon OS,CSMI_15,transect,S2,W,90,42.458233000000000,-87.502217000000002, 42 27.47 N, 087 30.12 W,42.457830000000001,-87.501670000000004,42.457830000000001,-87.501670000000004,7/6/2015 0:00:00,12/30/1899 0:00:00,12/30/1899 0:00:00,89,40,5191,3.050000000000000,0.550000000000000,313.800000000000011,14.029999999999999,445.100000000000023,12.300000000000001,0.890000000000000,5044,5045,5045,0,-1,,
22,22,178,Wauk_18,Waukegon NS,CSMI_15,transect,S2,W,18,42.460650000000001,-87.752949999999998, 42 27.62 N, 087 45.18 W,42.460329999999999,-87.751670000000004,42.460329999999999,-87.751670000000004,7/6/2015 0:00:00,12/30/1899 0:00:00,12/30/1899 0:00:00,19,5,5170,5.380000000000000,0.550000000000000,289.899999999999977,6.750000000000000,438.699999999999989,12.460000000000001,1.140000000000000,5206,5207,5207,0,-1,,
23,23,179,Wauk_18,Waukegon NS,CSMI_15,transect,S2,W,18,42.460650000000001,-87.752949999999998, 42 27.62 N, 087 45.18 W,42.460329999999999,-87.751670000000004,42.460329999999999,-87.751670000000004,7/6/2015 0:00:00,12/30/1899 0:00:00,12/30/1899 0:00:00,19,17,5174,9.949999999999999,1.400000000000000,273.800000000000011,7.490000000000000,397.800000000000011,12.350000000000000,1.430000000000000,5206,5207,5207,0,-1,,
24,24,107,Rac_46,Racine MID,CSMI_15,transect,S1,W,46,42.649683000000003,-87.633317000000005, 42 38.96 N, 087 37.96 W,42.649329999999999,-87.631670000000000,42.649329999999999,-87.631670000000000,7/8/2015 0:00:00,12/30/1899 0:00:00,12/30/1899 0:00:00,52,5,5508,6.480000000000000,1.920000000000000,270.899999999999977,4.220000000000000,426.100000000000023,12.420000000000000,1.090000000000000,4956,4957,4957,0,-1,,
25,25,108,Rac_46,Racine MID,CSMI_15,transect,S1,W,46,42.649683000000003,-87.633317000000005, 42 38.96 N, 087 37.96 W,42.649329999999999,-87.631670000000000,42.649329999999999,-87.631670000000000,7/8/2015 0:00:00,12/30/1899 0:00:00,12/30/1899 0:00:00,52,25,5510,8.000000000000000,2.420000000000000,281.800000000000011,3.520000000000000,458.000000000000000,12.220000000000001,1.610000000000000,4956,4957,4957,0,-1,,
26,26,109,Rac_46,Racine MID,CSMI_15,transect,S1,W,46,42.649683000000003,-87.633317000000005, 42 38.96 N, 087 37.96 W,42.649329999999999,-87.631670000000000,42.649329999999999,-87.631670000000000,7/8/2015 0:00:00,12/30/1899 0:00:00,12/30/1899 0:00:00,52,50,5512,12.940000000000000,2.320000000000000,290.800000000000011,3.110000000000000,448.199999999999989,12.320000000000000,0.470000000000000,4956,4957,4957,0,-1,,
27,27,110,Rac_46,Racine MID,CSMI_15,transect,S1,W,46,42.649683000000003,-87.633317000000005, 42 38.99 N, 087 37.96 W,42.649830000000001,-87.631670000000000,42.649830000000001,-87.631670000000000,5/19/2015 0:00:00,12/30/1899 0:00:00,12/30/1899 0:00:00,52,10,5082,5.130000000000000,1.940000000000000,306.000000000000000,14.830000000000000,437.199999999999989,12.710000000000001,0.530000000000000,4956,4957,4957,0,-1,,
28,28,111,Rac_46,Racine MID,CSMI_15,transect,S1,W,46,42.649683000000003,-87.633317000000005, 42 38.99 N, 087 37.96 W,42.649830000000001,-87.631670000000000,42.649830000000001,-87.631670000000000,5/19/2015 0:00:00,12/30/1899 0:00:00,12/30/1899 0:00:00,52,50,5086,11.470000000000001,3.990000000000000,312.000000000000000,4.420000000000000,445.600000000000023,12.430000000000000,0.470000000000000,4956,4957,4957,0,-1,,
29,29,97,Rac_110,Racine OS,CSMI_15,transect,S1,W,91,42.658033000000003,-87.508150000000001, 42 39.47 N, 087 30.46 W,42.657829999999997,-87.506670000000000,42.657829999999997,-87.506670000000000,9/10/2015 0:00:00,12/30/1899 0:00:00,12/30/1899 0:00:00,88,5,5732,9.029999999999999,2.450000000000000,239.500000000000000,3.530000000000000,390.699999999999989,12.660000000000000,1.120000000000000,4876,4877,4877,0,-1,,
30,30,98,Rac_110,Racine OS,CSMI_15,transect,S1,W,91,42.658033000000003,-87.508150000000001, 42 39.47 N, 087 30.46 W,42.657829999999997,-87.506670000000000,42.657829999999997,-87.506670000000000,9/10/2015 0:00:00,12/30/1899 0:00:00,12/30/1899 0:00:00,88,13,5734,15.710000000000001,3.540000000000000,266.300000000000011,11.770000000000000,477.199999999999989,12.449999999999999,1.940000000000000,4876,4877,4877,0,-1,,
31,31,99,Rac_110,Racine OS,CSMI_15,transect,S1,W,91,42.658033000000003,-87.508150000000001, 42 39.47 N, 087 30.46 W,42.657829999999997,-87.506670000000000,42.657829999999997,-87.506670000000000,9/10/2015 0:00:00,12/30/1899 0:00:00,12/30/1899 0:00:00,88,86,5736,20.570000000000000,3.720000000000000,303.300000000000011,3.600000000000000,458.899999999999977,12.340000000000000,0.300000000000000,4876,4877,4877,0,-1,,
32,32,91,Rac_110,Racine OS,CSMI_15,transect,S1,W,91,42.658033000000003,-87.508150000000001, 42 39.49 N, 087 30.47 W,42.658169999999998,-87.506670000000000,42.658169999999998,-87.506670000000000,7/8/2015 0:00:00,12/30/1899 0:00:00,12/30/1899 0:00:00,89,5,5516,12.369999999999999,2.550000000000000,296.399999999999977,5.060000000000000,440.500000000000000,12.330000000000000,0.480000000000000,4876,4877,4877,0,-1,,
33,33,92,Rac_110,Racine OS,CSMI_15,transect,S1,W,91,42.658033000000003,-87.508150000000001, 42 39.49 N, 087 30.47 W,42.658169999999998,-87.506670000000000,42.658169999999998,-87.506670000000000,7/8/2015 0:00:00,12/30/1899 0:00:00,12/30/1899 0:00:00,89,55,5518,6.990000000000000,2.300000000000000,292.800000000000011,3.830000000000000,462.899999999999977,12.560000000000000,1.120000000000000,4876,4877,4877,0,-1,,
34,34,93,Rac_110,Racine OS,CSMI_15,transect,S1,W,91,42.658033000000003,-87.508150000000001, 42 39.49 N, 087 30.47 W,42.658169999999998,-87.506670000000000,42.658169999999998,-87.506670000000000,7/8/2015 0:00:00,12/30/1899 0:00:00,12/30/1899 0:00:00,89,87,5520,11.310000000000000,1.930000000000000,292.199999999999989,2.130000000000000,476.899999999999977,12.570000000000000,0.220000000000000,4876,4877,4877,0,-1,,
35,35,94,Rac_110,Racine OS,CSMI_15,transect,S1,W,91,42.658033000000003,-87.508150000000001, 42 39.49 N, 087 30.47 W,42.658169999999998,-87.506670000000000,42.658169999999998,-87.506670000000000,7/8/2015 0:00:00,12/30/1899 0:00:00,12/30/1899 0:00:00,89,40,5521,7.060000000000000,2.690000000000000,292.600000000000023,5.310000000000000,451.100000000000023,12.550000000000001,1.480000000000000,4876,4877,4877,0,-1,,
36,36,95,Rac_110,Racine OS,CSMI_15,transect,S1,W,91,42.658033000000003,-87.508150000000001, 42 39.50 N, 087 30.49 W,42.658329999999999,-87.506670000000000,42.658329999999999,-87.506670000000000,5/19/2015 0:00:00,12/30/1899 0:00:00,12/30/1899 0:00:00,89,10,5090,10.980000000000000,3.390000000000000,329.899999999999977,4.740000000000000,440.100000000000023,12.390000000000001,0.390000000000000,4876,4877,4877,0,-1,,
37,37,96,Rac_110,Racine OS,CSMI_15,transect,S1,W,91,42.658033000000003,-87.508150000000001, 42 39.50 N, 087 30.49 W,42.658329999999999,-87.506670000000000,42.658329999999999,-87.506670000000000,5/19/2015 0:00:00,12/30/1899 0:00:00,12/30/1899 0:00:00,89,87,5094,6.730000000000000,2.790000000000000,326.000000000000000,6.250000000000000,426.199999999999989,12.330000000000000,0.400000000000000,4876,4877,4877,0,-1,,
38,38,134,Saug_18,Saugatuck NS,CSMI_15,transect,S1,E,18,42.691200000000002,-86.252983000000000, 42 41.45 N, 086 15.22 W,42.690829999999998,-86.253330000000005,42.690829999999998,-86.253330000000005,9/14/2015 0:00:00,12/30/1899 0:00:00,12/30/1899 0:00:00,20,5,5740,22.680000000000000,4.150000000000000,311.699999999999989,2.300000000000000,463.300000000000011,12.940000000000000,2.170000000000000,4988,4989,4989,0,1,Kalamazoo 30 meters, 
39,39,135,Saug_18,Saugatuck NS,CSMI_15,transect,S1,E,18,42.691200000000002,-86.252983000000000, 42 41.45 N, 086 15.22 W,42.690829999999998,-86.253330000000005,42.690829999999998,-86.253330000000005,9/14/2015 0:00:00,12/30/1899 0:00:00,12/30/1899 0:00:00,20,18,5744,23.609999999999999,4.410000000000000,312.500000000000000,0.610000000000000,435.600000000000023,12.670000000000000,0.840000000000000,4988,4989,4989,0,1,Kalamazoo 30 meters, 
40,40,136,Saug_18,Saugatuck NS,CSMI_15,transect,S1,E,18,42.691200000000002,-86.252983000000000, 42 41.45 N, 086 15.22 W,42.690829999999998,-86.253330000000005,42.690829999999998,-86.253330000000005,9/14/2015 0:00:00,12/30/1899 0:00:00,12/30/1899 0:00:00,20,12,5745,23.340000000000000,3.630000000000000,308.600000000000023,23.129999999999999,445.300000000000011,12.770000000000000,0.840000000000000,4988,4989,4989,0,1,Kalamazoo 30 meters, 
41,41,130,Saug_18,Saugatuck NS,CSMI_15,transect,S1,E,18,42.691200000000002,-86.252983000000000, 42 41.45 N, 086 15.19 W,42.690829999999998,-86.251670000000004,42.690829999999998,-86.251670000000004,7/10/2015 0:00:00,12/30/1899 0:00:00,12/30/1899 0:00:00,20,5,5524,11.010000000000000,2.070000000000000,280.500000000000000,2.570000000000000,485.000000000000000,12.980000000000000,1.490000000000000,5033,5034,5034,0,1,Kalamazoo 30 meters, 
42,42,131,Saug_18,Saugatuck NS,CSMI_15,transect,S1,E,18,42.691200000000002,-86.252983000000000, 42 41.45 N, 086 15.19 W,42.690829999999998,-86.251670000000004,42.690829999999998,-86.251670000000004,7/10/2015 0:00:00,12/30/1899 0:00:00,12/30/1899 0:00:00,20,18,5528,14.820000000000000,2.190000000000000,278.000000000000000,13.109999999999999,448.800000000000011,12.699999999999999,1.400000000000000,5033,5034,5034,0,1,Kalamazoo 30 meters, 
43,43,140,Saug_46,Saugatuck MID,CSMI_15,transect,S1,E,46,42.691833000000003,-86.317999999999998, 42 41.48 N, 086 19.08 W,42.691330000000001,-86.316670000000002,42.691330000000001,-86.316670000000002,5/21/2015 0:00:00,12/30/1899 0:00:00,12/30/1899 0:00:00,45,10,5106,7.270000000000000,1.880000000000000,338.000000000000000,8.369999999999999,450.800000000000011,13.230000000000000,0.550000000000000,4943,4944,4944,0,-1,,
44,44,141,Saug_46,Saugatuck MID,CSMI_15,transect,S1,E,46,42.691833000000003,-86.317999999999998, 42 41.48 N, 086 19.08 W,42.691330000000001,-86.316670000000002,42.691330000000001,-86.316670000000002,5/21/2015 0:00:00,12/30/1899 0:00:00,12/30/1899 0:00:00,45,43,5110,9.010000000000000,2.280000000000000,336.800000000000011,6.480000000000000,467.899999999999977,13.010000000000000,0.510000000000000,4943,4944,4944,0,-1,,
45,45,132,Saug_18,Saugatuck NS,CSMI_15,transect,S1,E,18,42.691200000000002,-86.252983000000000, 42 41.49 N, 086 15.20 W,42.691499999999998,-86.253330000000005,42.691499999999998,-86.253330000000005,5/21/2015 0:00:00,12/30/1899 0:00:00,12/30/1899 0:00:00,20,10,5098,6.490000000000000,2.170000000000000,347.699999999999989,11.199999999999999,493.100000000000023,13.720000000000001,1.060000000000000,4988,4989,4989,0,1,Kalamazoo 30 meters, 
46,46,133,Saug_18,Saugatuck NS,CSMI_15,transect,S1,E,18,42.691200000000002,-86.252983000000000, 42 41.49 N, 086 15.20 W,42.691499999999998,-86.253330000000005,42.691499999999998,-86.253330000000005,5/21/2015 0:00:00,12/30/1899 0:00:00,12/30/1899 0:00:00,20,18,5102,9.859999999999999,2.850000000000000,349.600000000000023,5.200000000000000,489.100000000000023,13.680000000000000,1.210000000000000,4988,4989,4989,0,1,Kalamazoo 30 meters, 
47,47,137,Saug_46,Saugatuck MID,CSMI_15,transect,S1,E,46,42.691833000000003,-86.317999999999998, 42 41.50 N, 086 19.09 W,42.691670000000002,-86.316670000000002,42.691670000000002,-86.316670000000002,7/10/2015 0:00:00,12/30/1899 0:00:00,12/30/1899 0:00:00,45,5,5532,8.440000000000000,2.890000000000000,275.000000000000000,3.140000000000000,463.600000000000023,13.199999999999999,2.250000000000000,4943,4944,4944,0,-1,,
48,48,138,Saug_46,Saugatuck MID,CSMI_15,transect,S1,E,46,42.691833000000003,-86.317999999999998, 42 41.50 N, 086 19.09 W,42.691670000000002,-86.316670000000002,42.691670000000002,-86.316670000000002,7/10/2015 0:00:00,12/30/1899 0:00:00,12/30/1899 0:00:00,45,20,5534,12.770000000000000,2.000000000000000,290.800000000000011,13.490000000000000,464.800000000000011,12.820000000000000,1.320000000000000,4943,4944,4944,0,-1,,
49,49,139,Saug_46,Saugatuck MID,CSMI_15,transect,S1,E,46,42.691833000000003,-86.317999999999998, 42 41.50 N, 086 19.09 W,42.691670000000002,-86.316670000000002,42.691670000000002,-86.316670000000002,7/10/2015 0:00:00,12/30/1899 0:00:00,12/30/1899 0:00:00,45,43,5536,17.030000000000001,2.430000000000000,295.800000000000011,1.360000000000000,459.199999999999989,13.080000000000000,0.340000000000000,4943,4944,4944,0,-1,,
50,50,142,Saug_46,Saugatuck MID,CSMI_15,transect,S1,E,46,42.691833000000003,-86.317999999999998, 42 41.52 N, 086 19.14 W,42.692000000000000,-86.318330000000003,42.692000000000000,-86.318330000000003,9/14/2015 0:00:00,12/30/1899 0:00:00,12/30/1899 0:00:00,45,7,5748,13.920000000000000,3.120000000000000,283.899999999999977,8.240000000000000,454.100000000000023,13.539999999999999,2.430000000000000,4943,4944,4944,0,-1,,
51,51,143,Saug_46,Saugatuck MID,CSMI_15,transect,S1,E,46,42.691833000000003,-86.317999999999998, 42 41.52 N, 086 19.14 W,42.692000000000000,-86.318330000000003,42.692000000000000,-86.318330000000003,9/14/2015 0:00:00,12/30/1899 0:00:00,12/30/1899 0:00:00,45,17,5750,22.449999999999999,3.590000000000000,307.000000000000000,5.140000000000000,432.399999999999977,12.840000000000000,1.310000000000000,4943,4944,4944,0,-1,,
52,52,144,Saug_46,Saugatuck MID,CSMI_15,transect,S1,E,46,42.691833000000003,-86.317999999999998, 42 41.52 N, 086 19.14 W,42.692000000000000,-86.318330000000003,42.692000000000000,-86.318330000000003,9/14/2015 0:00:00,12/30/1899 0:00:00,12/30/1899 0:00:00,45,43,5752,20.930000000000000,3.340000000000000,313.199999999999989,6.370000000000000,461.199999999999989,12.840000000000000,0.360000000000000,4943,4944,4944,0,-1,,
53,53,121,Saug_110,Saugatuck OS,CSMI_15,transect,S1,E,110,42.710850000000001,-86.705600000000004, 42 42.64 N, 086 42.37 W,42.710670000000000,-86.704999999999998,42.710670000000000,-86.704999999999998,7/10/2015 0:00:00,12/30/1899 0:00:00,12/30/1899 0:00:00,107,8,5540,5.680000000000000,2.130000000000000,259.500000000000000,10.949999999999999,462.100000000000023,13.010000000000000,1.210000000000000,4756,4757,4757,0,-1,,
54,54,122,Saug_110,Saugatuck OS,CSMI_15,transect,S1,E,110,42.710850000000001,-86.705600000000004, 42 42.64 N, 086 42.37 W,42.710670000000000,-86.704999999999998,42.710670000000000,-86.704999999999998,7/10/2015 0:00:00,12/30/1899 0:00:00,12/30/1899 0:00:00,107,35,5542,6.030000000000000,1.930000000000000,278.899999999999977,2.150000000000000,449.000000000000000,12.480000000000000,1.760000000000000,4756,4757,4757,0,-1,,
55,55,123,Saug_110,Saugatuck OS,CSMI_15,transect,S1,E,110,42.710850000000001,-86.705600000000004, 42 42.64 N, 086 42.37 W,42.710670000000000,-86.704999999999998,42.710670000000000,-86.704999999999998,7/10/2015 0:00:00,12/30/1899 0:00:00,12/30/1899 0:00:00,107,105,5544,14.070000000000000,2.380000000000000,287.800000000000011,3.170000000000000,448.399999999999977,12.510000000000000,0.070000000000000,4756,4757,4757,0,-1,,
56,56,124,Saug_110,Saugatuck OS,CSMI_15,transect,S1,E,110,42.710850000000001,-86.705600000000004, 42 42.64 N, 086 42.37 W,42.710670000000000,-86.704999999999998,42.710670000000000,-86.704999999999998,7/10/2015 0:00:00,12/30/1899 0:00:00,12/30/1899 0:00:00,107,50,5545,11.490000000000000,2.240000000000000,283.600000000000023,4.400000000000000,450.899999999999977,12.550000000000001,0.920000000000000,4756,4757,4757,0,-1,,
57,57,125,Saug_110,Saugatuck OS,CSMI_15,transect,S1,E,110,42.710850000000001,-86.705600000000004, 42 42.67 N, 086 42.35 W,42.711170000000003,-86.704999999999998,42.711170000000003,-86.704999999999998,5/21/2015 0:00:00,12/30/1899 0:00:00,12/30/1899 0:00:00,108,10,5114,6.260000000000000,1.490000000000000,318.800000000000011,5.780000000000000,448.100000000000023,12.279999999999999,0.580000000000000,4756,4757,4757,0,-1,,
58,58,126,Saug_110,Saugatuck OS,CSMI_15,transect,S1,E,110,42.710850000000001,-86.705600000000004, 42 42.67 N, 086 42.35 W,42.711170000000003,-86.704999999999998,42.711170000000003,-86.704999999999998,5/21/2015 0:00:00,12/30/1899 0:00:00,12/30/1899 0:00:00,108,106,5118,3.920000000000000,0.550000000000000,319.600000000000023,5.100000000000000,467.500000000000000,12.460000000000001,0.730000000000000,4756,4757,4757,0,-1,,
59,59,127,Saug_110,Saugatuck OS,CSMI_15,transect,S1,E,110,42.710850000000001,-86.705600000000004, 42 42.70 N, 086 42.36 W,42.711669999999998,-86.704999999999998,42.711669999999998,-86.704999999999998,9/13/2015 0:00:00,12/30/1899 0:00:00,12/30/1899 0:00:00,107,10,5756,9.580000000000000,13.910000000000000,242.300000000000011,6.320000000000000,366.600000000000023,12.510000000000000,1.510000000000000,4756,4757,4757,0,-1,,
60,60,128,Saug_110,Saugatuck OS,CSMI_15,transect,S1,E,110,42.710850000000001,-86.705600000000004, 42 42.70 N, 086 42.36 W,42.711669999999998,-86.704999999999998,42.711669999999998,-86.704999999999998,9/13/2015 0:00:00,12/30/1899 0:00:00,12/30/1899 0:00:00,107,31,5758,14.800000000000001,8.920000000000000,273.100000000000023,10.710000000000001,473.399999999999977,12.440000000000000,2.030000000000000,4756,4757,4757,0,-1,,
61,61,129,Saug_110,Saugatuck OS,CSMI_15,transect,S1,E,110,42.710850000000001,-86.705600000000004, 42 42.70 N, 086 42.36 W,42.711669999999998,-86.704999999999998,42.711669999999998,-86.704999999999998,9/13/2015 0:00:00,12/30/1899 0:00:00,12/30/1899 0:00:00,107,105,5760,20.329999999999998,4.290000000000000,303.199999999999989,4.580000000000000,426.899999999999977,12.510000000000000,0.090000000000000,4756,4757,4757,0,-1,,
62,62,100,Rac_18,Racine NS,CSMI_15,transect,S1,W,18,42.719549999999998,-87.695333000000005, 42 43.14 N, 087 41.73 W,42.719000000000001,-87.694999999999993,42.719000000000001,-87.694999999999993,7/8/2015 0:00:00,12/30/1899 0:00:00,12/30/1899 0:00:00,22,5,5500,7.100000000000000,1.560000000000000,258.100000000000023,1.970000000000000,416.800000000000011,12.660000000000000,1.280000000000000,4872,4873,4873,0,-1,,
63,63,101,Rac_18,Racine NS,CSMI_15,transect,S1,W,18,42.719549999999998,-87.695333000000005, 42 43.14 N, 087 41.73 W,42.719000000000001,-87.694999999999993,42.719000000000001,-87.694999999999993,7/8/2015 0:00:00,12/30/1899 0:00:00,12/30/1899 0:00:00,22,20,5504,12.930000000000000,1.640000000000000,263.399999999999977,3.700000000000000,472.199999999999989,12.590000000000000,1.210000000000000,4872,4873,4873,0,-1,,
64,64,102,Rac_18,Racine NS,CSMI_15,transect,S1,W,18,42.719549999999998,-87.695333000000005, 42 43.16 N, 087 41.78 W,42.719329999999999,-87.694999999999993,42.719329999999999,-87.694999999999993,5/19/2015 0:00:00,12/30/1899 0:00:00,12/30/1899 0:00:00,21,10,5074,6.330000000000000,1.280000000000000,300.500000000000000,6.790000000000000,468.699999999999989,13.760000000000000,0.830000000000000,4872,4873,4873,0,-1,,
65,65,103,Rac_18,Racine NS,CSMI_15,transect,S1,W,18,42.719549999999998,-87.695333000000005, 42 43.16 N, 087 41.78 W,42.719329999999999,-87.694999999999993,42.719329999999999,-87.694999999999993,5/19/2015 0:00:00,12/30/1899 0:00:00,12/30/1899 0:00:00,21,19,5078,5.550000000000000,1.640000000000000,301.199999999999989,5.640000000000000,427.500000000000000,13.690000000000000,0.990000000000000,4872,4873,4873,0,-1,,
66,66,104,Rac_18,Racine NS,CSMI_15,transect,S1,W,18,42.719549999999998,-87.695333000000005, 42 43.20 N, 087 41.72 W,42.719999999999999,-87.694999999999993,42.719999999999999,-87.694999999999993,9/10/2015 0:00:00,12/30/1899 0:00:00,12/30/1899 0:00:00,22,6,5716,11.420000000000000,2.530000000000000,272.600000000000023,2.770000000000000,407.600000000000023,12.440000000000000,0.960000000000000,4872,4873,4873,0,-1,,
67,67,105,Rac_18,Racine NS,CSMI_15,transect,S1,W,18,42.719549999999998,-87.695333000000005, 42 43.20 N, 087 41.72 W,42.719999999999999,-87.694999999999993,42.719999999999999,-87.694999999999993,9/10/2015 0:00:00,12/30/1899 0:00:00,12/30/1899 0:00:00,22,12,5718,12.539999999999999,3.860000000000000,290.199999999999989,5.480000000000000,457.800000000000011,12.440000000000000,0.800000000000000,4872,4873,4873,0,-1,,
68,68,106,Rac_18,Racine NS,CSMI_15,transect,S1,W,18,42.719549999999998,-87.695333000000005, 42 43.20 N, 087 41.72 W,42.719999999999999,-87.694999999999993,42.719999999999999,-87.694999999999993,9/10/2015 0:00:00,12/30/1899 0:00:00,12/30/1899 0:00:00,22,20,5720,13.109999999999999,2.690000000000000,275.699999999999989,3.990000000000000,418.899999999999977,12.539999999999999,0.780000000000000,4872,4873,4873,0,-1,,
69,69,118,Rac_xdeep,MI18M,CSMI_15,transect,S1,M,0,0.000000000000000,0.000000000000000, 42 44.02 N, 087 00.03 W,42.733669999999996,-87.000000000000000,42.733669999999996,-87.000000000000000,9/14/2015 0:00:00,12/30/1899 0:00:00,12/30/1899 0:00:00,157,11,5596,6.220000000000000,2.520000000000000,251.099999999999994,12.590000000000000,392.399999999999977,12.730000000000000,1.500000000000000,4750,4751,4751,0,-1,,
70,70,119,Rac_xdeep,MI18M,CSMI_15,transect,S1,M,0,0.000000000000000,0.000000000000000, 42 44.02 N, 087 00.03 W,42.733669999999996,-87.000000000000000,42.733669999999996,-87.000000000000000,9/14/2015 0:00:00,12/30/1899 0:00:00,12/30/1899 0:00:00,157,40,5598,15.119999999999999,3.050000000000000,303.199999999999989,7.490000000000000,479.600000000000023,12.359999999999999,1.810000000000000,4750,4751,4751,0,-1,,
71,71,120,Rac_xdeep,MI18M,CSMI_15,transect,S1,M,0,0.000000000000000,0.000000000000000, 42 44.02 N, 087 00.03 W,42.733669999999996,-87.000000000000000,42.733669999999996,-87.000000000000000,9/14/2015 0:00:00,12/30/1899 0:00:00,12/30/1899 0:00:00,157,155,5600,3.440000000000000,2.670000000000000,333.300000000000011,17.879999999999999,442.000000000000000,12.470000000000001,0.130000000000000,4750,4751,4751,0,-1,,
72,72,112,Rac_xdeep,MI18M,CSMI_15,transect,S1,M,0,0.000000000000000,0.000000000000000, 42 44.06 N, 087 00.08 W,42.734330000000000,-87.000000000000000,42.734330000000000,-87.000000000000000,7/10/2015 0:00:00,12/30/1899 0:00:00,12/30/1899 0:00:00,158,0,5200,3.430000000000000,0.550000000000000,312.300000000000011,5.240000000000000,434.399999999999977,12.260000000000000,1.040000000000000,4750,4751,4751,0,-1,,
73,73,113,Rac_xdeep,MI18M,CSMI_15,transect,S1,M,0,0.000000000000000,0.000000000000000, 42 44.06 N, 087 00.08 W,42.734330000000000,-87.000000000000000,42.734330000000000,-87.000000000000000,7/10/2015 0:00:00,12/30/1899 0:00:00,12/30/1899 0:00:00,158,5,5202,3.530000000000000,0.550000000000000,298.000000000000000,12.430000000000000,406.300000000000011,12.359999999999999,0.920000000000000,4750,4751,4751,0,-1,,
74,74,114,Rac_xdeep,MI18M,CSMI_15,transect,S1,M,0,0.000000000000000,0.000000000000000, 42 44.06 N, 087 00.08 W,42.734330000000000,-87.000000000000000,42.734330000000000,-87.000000000000000,7/10/2015 0:00:00,12/30/1899 0:00:00,12/30/1899 0:00:00,158,40,5203,4.290000000000000,2.280000000000000,274.500000000000000,5.570000000000000,458.100000000000023,12.390000000000001,1.590000000000000,4750,4751,4751,0,-1,,
75,75,115,Rac_xdeep,MI18M,CSMI_15,transect,S1,M,0,0.000000000000000,0.000000000000000, 42 44.06 N, 087 00.08 W,42.734330000000000,-87.000000000000000,42.734330000000000,-87.000000000000000,7/10/2015 0:00:00,12/30/1899 0:00:00,12/30/1899 0:00:00,158,50,5204,7.890000000000000,0.550000000000000,320.500000000000000,4.040000000000000,416.100000000000023,12.289999999999999,1.120000000000000,4750,4751,4751,0,-1,,
76,76,116,Rac_xdeep,MI18M,CSMI_15,transect,S1,M,0,0.000000000000000,0.000000000000000, 42 44.06 N, 087 00.08 W,42.734330000000000,-87.000000000000000,42.734330000000000,-87.000000000000000,7/10/2015 0:00:00,12/30/1899 0:00:00,12/30/1899 0:00:00,158,156,5206,8.020000000000000,1.520000000000000,320.800000000000011,7.590000000000000,425.399999999999977,12.449999999999999,0.160000000000000,4750,4751,4751,0,-1,,
77,77,117,Rac_xdeep,MI18M,CSMI_15,transect,S1,M,0,0.000000000000000,0.000000000000000, 42 44.06 N, 087 00.08 W,42.734330000000000,-87.000000000000000,42.734330000000000,-87.000000000000000,7/10/2015 0:00:00,12/30/1899 0:00:00,12/30/1899 0:00:00,158,30,5207,8.900000000000000,0.550000000000000,311.000000000000000,12.010000000000000,462.899999999999977,12.289999999999999,1.630000000000000,4750,4751,4751,0,-1,,
78,78,14,Grand10S_20m,10SGrand20m,GLmodel_15,rivermouth, ,E,20,42.962976550000000,-86.263390209999997, , ,0.000000000000000,0.000000000000000,42.962976550000000,-86.263390209999997,7/18/2015 0:00:00,,12/30/1899 0:00:00,0,2,5415,11.090000000000000,2.220000000000000,267.300000000000011,3.740000000000000,454.399999999999977,13.320000000000000,2.040000000000000,4724,4725,4725,0,-1,,
79,79,15,Grand10S_20m,10SGrand20m,GLmodel_15,rivermouth, ,E,20,42.962976550000000,-86.263390209999997, , ,0.000000000000000,0.000000000000000,42.962976550000000,-86.263390209999997,6/2/2015 0:00:00,,12/30/1899 0:00:00,0,2,5213,7.210000000000000,2.040000000000000,345.100000000000023,5.810000000000000,472.199999999999989,13.900000000000000,0.440000000000000,4724,4725,4725,0,-1,,
80,80,12,Grand10S_10m,10SGrand10m,GLmodel_15,rivermouth, ,E,10,42.968154329999997,-86.233892859999997, , ,0.000000000000000,0.000000000000000,42.968154329999997,-86.233892859999997,7/18/2015 0:00:00,,12/30/1899 0:00:00,0,2,5414,5.700000000000000,2.020000000000000,261.300000000000011,3.210000000000000,450.899999999999977,13.199999999999999,2.200000000000000,4772,4773,4773,0,-1,,
81,81,13,Grand10S_10m,10SGrand10m,GLmodel_15,rivermouth, ,E,10,42.968154329999997,-86.233892859999997, , ,0.000000000000000,0.000000000000000,42.968154329999997,-86.233892859999997,6/2/2015 0:00:00,,12/30/1899 0:00:00,0,2,5212,9.460000000000001,2.290000000000000,345.500000000000000,4.450000000000000,516.950000000000045,14.180000000000000,0.290000000000000,4772,4773,4773,0,-1,,
82,82,16,Grand10S_5m,10SGrand5m,GLmodel_15,rivermouth, ,E,5,42.968689240000003,-86.230842760000002, , ,0.000000000000000,0.000000000000000,42.968689240000003,-86.230842760000002,7/18/2015 0:00:00,,12/30/1899 0:00:00,0,2,5413,11.650000000000000,2.010000000000000,260.899999999999977,4.710000000000000,432.500000000000000,13.199999999999999,2.330000000000000,4772,4773,4773,0,-1,,
83,83,17,Grand10S_5m,10SGrand5m,GLmodel_15,rivermouth, ,E,5,42.968689240000003,-86.230842760000002, , ,0.000000000000000,0.000000000000000,42.968689240000003,-86.230842760000002,6/2/2015 0:00:00,,12/30/1899 0:00:00,0,2,5211,9.420000000000000,1.490000000000000,304.399999999999977,11.910000000000000,619.600000000000023,17.629999999999999,4.120000000000000,4772,4773,4773,0,-1,,
84,84,27,Grand2S_20m,2SGrand20m,GLmodel_15,rivermouth, ,E,20,43.034858419999999,-86.276694800000001, , ,0.000000000000000,0.000000000000000,43.034858419999999,-86.276694800000001,7/18/2015 0:00:00,,12/30/1899 0:00:00,0,2,5421,4.730000000000000,2.440000000000000,273.300000000000011,8.210000000000001,516.399999999999977,13.850000000000000,2.330000000000000,4679,4680,4680,0,4,Muskegon Grand, 
85,85,28,Grand2S_20m,2SGrand20m,GLmodel_15,rivermouth, ,E,20,43.034858419999999,-86.276694800000001, , ,0.000000000000000,0.000000000000000,43.034858419999999,-86.276694800000001,6/2/2015 0:00:00,,12/30/1899 0:00:00,0,2,5223,6.070000000000000,2.790000000000000,432.300000000000011,16.820000000000000,697.299999999999955,19.640000000000001,4.360000000000000,4679,4680,4680,0,4,Muskegon Grand, 
86,86,25,Grand2S_10m,2SGrand10m,GLmodel_15,rivermouth, ,E,10,43.039300310000002,-86.251198579999993, , ,0.000000000000000,0.000000000000000,43.039300310000002,-86.251198579999993,7/18/2015 0:00:00,,12/30/1899 0:00:00,0,2,5420,10.760000000000000,1.340000000000000,264.199999999999989,6.810000000000000,509.600000000000023,13.420000000000000,1.600000000000000,4727,4728,4728,0,4,Muskegon Grand, 
87,87,26,Grand2S_10m,2SGrand10m,GLmodel_15,rivermouth, ,E,10,43.039300310000002,-86.251198579999993, , ,0.000000000000000,0.000000000000000,43.039300310000002,-86.251198579999993,6/2/2015 0:00:00,,12/30/1899 0:00:00,0,2,5218,3.480000000000000,2.200000000000000,316.600000000000023,6.900000000000000,488.300000000000011,14.789999999999999,1.850000000000000,4727,4728,4728,0,4,Muskegon Grand, 
88,88,29,Grand2S_5m,2SGrand5m,GLmodel_15,rivermouth, ,E,5,43.040562899999998,-86.243944709999994, , ,0.000000000000000,0.000000000000000,43.040562899999998,-86.243944709999994,7/18/2015 0:00:00,,12/30/1899 0:00:00,0,2,5419,4.520000000000000,2.060000000000000,265.000000000000000,8.480000000000000,518.100000000000023,13.390000000000001,2.790000000000000,4727,4728,4728,0,4,Muskegon Grand, 
89,89,30,Grand2S_5m,2SGrand5m,GLmodel_15,rivermouth, ,E,5,43.040562899999998,-86.243944709999994, , ,0.000000000000000,0.000000000000000,43.040562899999998,-86.243944709999994,6/2/2015 0:00:00,,12/30/1899 0:00:00,0,2,5217,4.850000000000000,2.030000000000000,395.000000000000000,8.160000000000000,601.100000000000023,17.300000000000001,2.290000000000000,4727,4728,4728,0,4,Muskegon Grand, 
90,90,43,GrandMth_20m,Grand20,GLmodel_15,rivermouth, ,E,20,43.051743760000001,-86.285200279999998, , ,0.000000000000000,0.000000000000000,43.051743760000001,-86.285200279999998,7/18/2015 0:00:00,,12/30/1899 0:00:00,0,2,5425,6.950000000000000,1.950000000000000,272.600000000000023,11.789999999999999,513.299999999999955,14.119999999999999,3.090000000000000,4634,4635,4635,0,4,Muskegon Grand, 
91,91,44,GrandMth_20m,Grand20,GLmodel_15,rivermouth, ,E,20,43.051743760000001,-86.285200279999998, , ,0.000000000000000,0.000000000000000,43.051743760000001,-86.285200279999998,6/2/2015 0:00:00,,12/30/1899 0:00:00,0,2,5222,4.580000000000000,2.130000000000000,333.699999999999989,5.210000000000000,481.500000000000000,14.170000000000000,12.480000000000000,4634,4635,4635,0,4,Muskegon Grand, 
92,92,41,GrandMth_10m,Grand10,GLmodel_15,rivermouth, ,E,10,43.056142930000000,-86.259890139999996, , ,0.000000000000000,0.000000000000000,43.056142930000000,-86.259890139999996,7/18/2015 0:00:00,,12/30/1899 0:00:00,0,2,5424,8.779999999999999,2.400000000000000,336.600000000000023,28.520000000000000,643.899999999999977,16.140000000000001,3.820000000000000,4680,4681,4681,0,4,Muskegon Grand, 
93,93,42,GrandMth_10m,Grand10,GLmodel_15,rivermouth, ,E,10,43.056142930000000,-86.259890139999996, , ,0.000000000000000,0.000000000000000,43.056142930000000,-86.259890139999996,6/2/2015 0:00:00,,12/30/1899 0:00:00,0,2,5221,6.650000000000000,3.770000000000000,762.200000000000045,42.119999999999997,1309.000000000000000,35.049999999999997,16.820000000000000,4680,4681,4681,0,4,Muskegon Grand, 
94,94,45,GrandMth_5m,Grand5,GLmodel_15,rivermouth, ,E,5,43.057076649999999,-86.254513439999997, , ,0.000000000000000,0.000000000000000,43.057076649999999,-86.254513439999997,7/18/2015 0:00:00,,12/30/1899 0:00:00,0,2,5423,9.320000000000000,4.870000000000000,497.000000000000000,39.210000000000001,900.799999999999955,20.750000000000000,4.190000000000000,4680,4681,4681,0,4,Muskegon Grand, 
95,95,38,GrandMouth, ,GLmodel_15,rivermouth, ,E,8,43.060473870000003,-86.242461539999994, , ,0.000000000000000,0.000000000000000,43.060473870000003,-86.242461539999994,7/18/2015 0:00:00,,12/30/1899 0:00:00,0,2,5422,23.859999999999999,8.810000000000000,1074.000000000000000,97.680000000000007,1929.000000000000000,37.609999999999999,11.789999999999999,-1,,0,0,-1,,
96,96,39,GrandMouth, ,GLmodel_15,rivermouth, ,E,8,43.060473870000003,-86.242461539999994, , ,0.000000000000000,0.000000000000000,43.060473870000003,-86.242461539999994,6/2/2015 0:00:00,,12/30/1899 0:00:00,0,2,5220,15.760000000000000,5.080000000000000,844.700000000000045,58.859999999999999,1451.000000000000000,38.990000000000002,0.390000000000000,-1,,0,0,-1,,
97,97,40,GrandMouth, ,GLmodel_15,rivermouth, ,E,8,43.060473870000003,-86.242461539999994, , ,0.000000000000000,0.000000000000000,43.060473870000003,-86.242461539999994,6/2/2015 0:00:00,,12/30/1899 0:00:00,0,2,0,21.739999999999998,6.500000000000000,950.799999999999955,64.420000000000002,1839.000000000000000,50.890000000000001,23.230000000000000,-1,,0,0,-1,,
98,98,21,Grand2N_20m,2NGrand20m,GLmodel_15,rivermouth, ,E,20,43.068945090000000,-86.291365760000005, , ,0.000000000000000,0.000000000000000,43.068945090000000,-86.291365760000005,7/18/2015 0:00:00,,12/30/1899 0:00:00,0,2,5418,4.380000000000000,2.930000000000000,383.000000000000000,17.710000000000001,738.200000000000045,17.750000000000000,4.940000000000000,4634,4635,4635,0,4,Muskegon Grand, 
99,99,22,Grand2N_20m,2NGrand20m,GLmodel_15,rivermouth, ,E,20,43.068945090000000,-86.291365760000005, , ,0.000000000000000,0.000000000000000,43.068945090000000,-86.291365760000005,6/2/2015 0:00:00,,12/30/1899 0:00:00,0,2,5216,5.270000000000000,2.040000000000000,330.600000000000023,8.590000000000000,478.000000000000000,14.080000000000000,0.260000000000000,4634,4635,4635,0,4,Muskegon Grand, 
100,100,18,Grand2N_10m,2NGrand10m,GLmodel_15,rivermouth, ,E,10,43.073939609999996,-86.262922489999994, , ,0.000000000000000,0.000000000000000,43.073939609999996,-86.262922489999994,7/18/2015 0:00:00,,12/30/1899 0:00:00,0,2,5417,8.430000000000000,3.440000000000000,417.399999999999977,19.550000000000001,751.299999999999955,19.030000000000001,8.380000000000001,4635,4636,4636,0,4,Muskegon Grand, 
101,101,19,Grand2N_10m,2NGrand10m,GLmodel_15,rivermouth, ,E,10,43.073939609999996,-86.262922489999994, , ,0.000000000000000,0.000000000000000,43.073939609999996,-86.262922489999994,6/2/2015 0:00:00,,12/30/1899 0:00:00,0,2,5215,4.880000000000000,2.130000000000000,328.100000000000023,6.280000000000000,490.500000000000000,14.039999999999999,0.360000000000000,4635,4636,4636,0,4,Muskegon Grand, 
102,102,20,Grand2N_10m,2NGrand10m,GLmodel_15,rivermouth, ,E,10,43.073939609999996,-86.262922489999994, , ,0.000000000000000,0.000000000000000,43.073939609999996,-86.262922489999994,6/2/2015 0:00:00,,12/30/1899 0:00:00,0,2,0,10.170000000000000,1.870000000000000,290.600000000000023,14.670000000000000,508.000000000000000,14.050000000000001,0.520000000000000,4635,4636,4636,0,4,Muskegon Grand, 
103,103,23,Grand2N_5m,2NGrand5m,GLmodel_15,rivermouth, ,E,5,43.075038390000003,-86.256658979999997, , ,0.000000000000000,0.000000000000000,43.075038390000003,-86.256658979999997,7/18/2015 0:00:00,,12/30/1899 0:00:00,0,2,5416,6.020000000000000,2.950000000000000,404.000000000000000,20.300000000000001,760.100000000000023,18.649999999999999,7.740000000000000,-1,,0,0,4,Muskegon Grand, 
104,104,24,Grand2N_5m,2NGrand5m,GLmodel_15,rivermouth, ,E,5,43.075038390000003,-86.256658979999997, , ,0.000000000000000,0.000000000000000,43.075038390000003,-86.256658979999997,6/2/2015 0:00:00,,12/30/1899 0:00:00,0,2,5214,5.650000000000000,2.470000000000000,330.500000000000000,4.950000000000000,433.199999999999989,14.080000000000000,0.270000000000000,-1,,0,0,4,Muskegon Grand, 
105,105,33,Grand5N_20m,5NGrand20m,GLmodel_15,rivermouth, ,E,20,43.094526000000002,-86.304330620000002, , ,0.000000000000000,0.000000000000000,43.094526000000002,-86.304330620000002,7/18/2015 0:00:00,,12/30/1899 0:00:00,0,2,5412,8.550000000000001,2.620000000000000,339.100000000000023,14.930000000000000,628.799999999999955,16.340000000000000,5.510000000000000,4580,4581,4581,0,4,Muskegon Grand, 
106,106,34,Grand5N_20m,5NGrand20m,GLmodel_15,rivermouth, ,E,20,43.094526000000002,-86.304330620000002, , ,0.000000000000000,0.000000000000000,43.094526000000002,-86.304330620000002,6/2/2015 0:00:00,,12/30/1899 0:00:00,0,2,5210,5.080000000000000,0.550000000000000,338.399999999999977,7.030000000000000,483.899999999999977,14.359999999999999,0.120000000000000,4580,4581,4581,0,4,Muskegon Grand, 
107,107,35,Grand5N_20m,5NGrand20m,GLmodel_15,rivermouth, ,E,20,43.094526000000002,-86.304330620000002, , ,0.000000000000000,0.000000000000000,43.094526000000002,-86.304330620000002,6/2/2015 0:00:00,,12/30/1899 0:00:00,0,2,0,11.210000000000001,2.510000000000000,291.600000000000023,7.530000000000000,551.899999999999977,14.330000000000000,0.270000000000000,4580,4581,4581,0,4,Muskegon Grand, 
108,108,31,Grand5N_10m,5NGrand10m,GLmodel_15,rivermouth, ,E,10,43.099796069999996,-86.274920780000002, , ,0.000000000000000,0.000000000000000,43.099796069999996,-86.274920780000002,7/18/2015 0:00:00,,12/30/1899 0:00:00,0,2,5411,4.750000000000000,2.910000000000000,386.750000000000000,16.859999999999999,673.399999999999977,17.780000000000001,8.050000000000001,4581,4582,4582,0,4,Muskegon Grand, 
109,109,32,Grand5N_10m,5NGrand10m,GLmodel_15,rivermouth, ,E,10,43.099796069999996,-86.274920780000002, , ,0.000000000000000,0.000000000000000,43.099796069999996,-86.274920780000002,6/2/2015 0:00:00,,12/30/1899 0:00:00,0,2,5209,10.980000000000000,0.550000000000000,341.500000000000000,13.400000000000000,476.199999999999989,14.050000000000001,0.220000000000000,4581,4582,4582,0,4,Muskegon Grand, 
110,110,36,Grand5N_5m,5NGrand5m,GLmodel_15,rivermouth, ,E,5,43.101048460000001,-86.267703549999993, , ,0.000000000000000,0.000000000000000,43.101048460000001,-86.267703549999993,7/18/2015 0:00:00,,12/30/1899 0:00:00,0,2,5410,4.980000000000000,2.860000000000000,377.399999999999977,15.949999999999999,659.100000000000023,17.539999999999999,7.000000000000000,4581,4582,4582,0,4,Muskegon Grand, 
111,111,37,Grand5N_5m,5NGrand5m,GLmodel_15,rivermouth, ,E,5,43.101048460000001,-86.267703549999993, , ,0.000000000000000,0.000000000000000,43.101048460000001,-86.267703549999993,6/2/2015 0:00:00,,12/30/1899 0:00:00,0,2,5208,3.230000000000000,0.550000000000000,339.300000000000011,18.390000000000001,461.800000000000011,14.199999999999999,0.330000000000000,4581,4582,4582,0,4,Muskegon Grand, 
112,112,77,Musk10S_20m,10SMusk20m,GLmodel_15,rivermouth, ,E,20,43.138888780000002,-86.325849469999994, , ,0.000000000000000,0.000000000000000,43.138888780000002,-86.325849469999994,7/17/2015 0:00:00,,12/30/1899 0:00:00,0,2,5245,9.199999999999999,2.160000000000000,303.000000000000000,9.320000000000000,562.700000000000045,14.750000000000000,3.730000000000000,4531,4532,4532,0,4,Muskegon Grand, 
113,113,78,Musk10S_20m,10SMusk20m,GLmodel_15,rivermouth, ,E,20,43.138888780000002,-86.325849469999994, , ,0.000000000000000,0.000000000000000,43.138888780000002,-86.325849469999994,7/17/2015 0:00:00,,12/30/1899 0:00:00,0,2,5577,8.960000000000001,2.160000000000000,281.899999999999977,8.600000000000000,521.200000000000045,13.869999999999999,3.020000000000000,4531,4532,4532,0,4,Muskegon Grand, 
114,114,76,Musk10S_10m,10SMusk10m,GLmodel_15,rivermouth, ,E,10,43.144296269999998,-86.298427529999998, , ,0.000000000000000,0.000000000000000,43.144296269999998,-86.298427529999998,7/17/2015 0:00:00,,12/30/1899 0:00:00,0,2,5244,7.590000000000000,2.340000000000000,374.300000000000011,13.830000000000000,642.200000000000045,16.800000000000001,5.250000000000000,4583,4584,4584,0,4,Muskegon Grand, 
115,115,79,Musk10S_5m,10SMusk5m,GLmodel_15,rivermouth, ,E,5,43.145286050000003,-86.293404069999994, , ,0.000000000000000,0.000000000000000,43.145286050000003,-86.293404069999994,7/17/2015 0:00:00,,12/30/1899 0:00:00,0,2,5243,11.080000000000000,2.560000000000000,353.399999999999977,8.410000000000000,615.799999999999955,16.039999999999999,4.090000000000000,4583,4584,4584,0,4,Muskegon Grand, 
116,116,85,Musk2S_20m,2SMusk20m,GLmodel_15,rivermouth, ,E,20,43.202090849999998,-86.366303419999994, , ,0.000000000000000,0.000000000000000,43.202090849999998,-86.366303419999994,7/17/2015 0:00:00,,12/30/1899 0:00:00,0,2,5251,19.149999999999999,2.260000000000000,293.399999999999977,21.230000000000000,504.699999999999989,13.880000000000001,2.230000000000000,4383,4384,4384,0,4,Muskegon Grand, 
117,117,83,Musk2S_10m,2SMusk10m,GLmodel_15,rivermouth, ,E,10,43.209098359999999,-86.339698159999998, , ,0.000000000000000,0.000000000000000,43.209098359999999,-86.339698159999998,7/17/2015 0:00:00,,12/30/1899 0:00:00,0,2,5250,6.070000000000000,2.000000000000000,300.300000000000011,16.960000000000001,515.700000000000045,14.330000000000000,2.820000000000000,4433,4434,4434,0,4,Muskegon Grand, 
118,118,84,Musk2S_10m,2SMusk10m,GLmodel_15,rivermouth, ,E,10,43.209098359999999,-86.339698159999998, , ,0.000000000000000,0.000000000000000,43.209098359999999,-86.339698159999998,7/17/2015 0:00:00,,12/30/1899 0:00:00,0,2,5454,11.060000000000000,2.580000000000000,286.100000000000023,6.800000000000000,556.200000000000045,14.580000000000000,2.580000000000000,4433,4434,4434,0,4,Muskegon Grand, 
119,119,86,Musk2S_5m,2SMusk5m,GLmodel_15,rivermouth, ,E,5,43.211154090000001,-86.331887559999998, , ,0.000000000000000,0.000000000000000,43.211154090000001,-86.331887559999998,7/17/2015 0:00:00,,12/30/1899 0:00:00,0,2,5249,8.340000000000000,2.120000000000000,306.800000000000011,13.130000000000001,564.399999999999977,14.590000000000000,3.260000000000000,4433,4434,4434,0,4,Muskegon Grand, 
120,120,90,MuskMth_20m,Musk20,GLmodel_15,rivermouth, ,E,20,43.218362489999997,-86.375741689999998, , ,0.000000000000000,0.000000000000000,43.218362489999997,-86.375741689999998,7/17/2015 0:00:00,,12/30/1899 0:00:00,0,2,5255,9.279999999999999,2.280000000000000,292.399999999999977,7.810000000000000,510.500000000000000,14.160000000000000,2.350000000000000,4383,4384,4384,0,4,Muskegon Grand, 
121,121,89,MuskMth_10m,Musk10,GLmodel_15,rivermouth, ,E,10,43.224825019999997,-86.351185569999998, , ,0.000000000000000,0.000000000000000,43.224825019999997,-86.351185569999998,7/17/2015 0:00:00,,12/30/1899 0:00:00,0,2,5254,4.760000000000000,4.310000000000000,176.800000000000011,16.920000000000002,573.299999999999955,18.559999999999999,2.960000000000000,4434,4435,4435,0,4,Muskegon Grand, 
122,122,87,MuskMouth, ,GLmodel_15,rivermouth, ,E,8,43.232517840000000,-86.326874500000002, , ,0.000000000000000,0.000000000000000,43.232517840000000,-86.326874500000002,7/17/2015 0:00:00,,12/30/1899 0:00:00,0,2,5252,33.270000000000003,4.310000000000000,166.599999999999994,19.250000000000000,603.700000000000045,19.469999999999999,4.400000000000000,-1,,0,0,-1,,
123,123,88,MuskMouth, ,GLmodel_15,rivermouth, ,E,8,43.232517840000000,-86.326874500000002, , ,0.000000000000000,0.000000000000000,43.232517840000000,-86.326874500000002,7/17/2015 0:00:00,,12/30/1899 0:00:00,0,2,5253,45.280000000000001,4.330000000000000,123.799999999999997,30.500000000000000,575.500000000000000,20.750000000000000,6.290000000000000,-1,,0,0,-1,,
124,124,81,Musk2N_20m,2NMusk20m,GLmodel_15,rivermouth, ,E,20,43.234189669999999,-86.388267990000003, , ,0.000000000000000,0.000000000000000,43.234189669999999,-86.388267990000003,7/17/2015 0:00:00,,12/30/1899 0:00:00,0,2,5248,25.530000000000001,2.390000000000000,292.399999999999977,9.460000000000001,547.000000000000000,14.150000000000000,2.390000000000000,4334,4335,4335,0,4,Muskegon Grand, 
125,125,80,Musk2N_10m,2NMusk10m,GLmodel_15,rivermouth, ,E,10,43.241660600000003,-86.359879829999997, , ,0.000000000000000,0.000000000000000,43.241660600000003,-86.359879829999997,7/17/2015 0:00:00,,12/30/1899 0:00:00,0,2,5247,15.680000000000000,2.640000000000000,282.100000000000023,7.890000000000000,570.600000000000023,0.010000000000000,2.810000000000000,4385,4386,4386,0,4,Muskegon Grand, 
126,126,82,Musk2N_5m,2NMusk5m,GLmodel_15,rivermouth, ,E,5,43.243367759999998,-86.353388199999998, , ,0.000000000000000,0.000000000000000,43.243367759999998,-86.353388199999998,7/17/2015 0:00:00,,12/30/1899 0:00:00,0,2,5246,29.609999999999999,3.360000000000000,256.800000000000011,9.750000000000000,552.500000000000000,0.010000000000000,1.840000000000000,4385,4386,4386,0,4,Muskegon Grand, 
127,127,74,Musk10N_20m,10NMusk20m,GLmodel_15,rivermouth, ,E,20,43.299269619999997,-86.429636639999998, , ,0.000000000000000,0.000000000000000,43.299269619999997,-86.429636639999998,7/17/2015 0:00:00,,12/30/1899 0:00:00,0,2,5242,14.490000000000000,2.540000000000000,301.100000000000023,3.450000000000000,501.600000000000023,13.449999999999999,1.050000000000000,4285,4286,4286,0,-1,,
128,128,73,Musk10N_10m,10NMusk10m,GLmodel_15,rivermouth, ,E,10,43.306176899999997,-86.403947639999998, , ,0.000000000000000,0.000000000000000,43.306176899999997,-86.403947639999998,7/17/2015 0:00:00,,12/30/1899 0:00:00,0,2,5241,14.449999999999999,2.190000000000000,291.899999999999977,9.890000000000001,506.600000000000023,14.010000000000000,1.560000000000000,4285,4286,4286,0,-1,,
129,129,75,Musk10N_5m,10NMusk5m,GLmodel_15,rivermouth, ,E,5,43.308287040000003,-86.396094309999995, , ,0.000000000000000,0.000000000000000,43.308287040000003,-86.396094309999995,7/17/2015 0:00:00,,12/30/1899 0:00:00,0,2,5240,43.350000000000001,2.960000000000000,306.199999999999989,15.320000000000000,484.800000000000011,13.560000000000000,1.000000000000000,4337,4338,4338,0,-1,,
130,130,54,Lud_46, ,CSMI_15,transect,N2,E,46,43.918117000000002,-86.582616999999999, 43 55.12 N, 086 34.79 W,43.918669999999999,-86.578329999999994,43.918669999999999,-86.578329999999994,7/16/2015 0:00:00,12/30/1899 0:00:00,12/30/1899 0:00:00,44,5,5460,11.970000000000001,1.890000000000000,277.500000000000000,1.240000000000000,487.300000000000011,12.390000000000001,0.330000000000000,3451,3452,3452,0,-1,,
131,131,55,Lud_46, ,CSMI_15,transect,N2,E,46,43.918117000000002,-86.582616999999999, 43 55.12 N, 086 34.79 W,43.918669999999999,-86.578329999999994,43.918669999999999,-86.578329999999994,7/16/2015 0:00:00,12/30/1899 0:00:00,12/30/1899 0:00:00,44,30,5462,15.240000000000000,2.770000000000000,266.500000000000000,6.070000000000000,455.800000000000011,12.650000000000000,0.310000000000000,3451,3452,3452,0,-1,,
132,132,46,Lud_110, ,CSMI_15,transect,N2,E,110,43.916533000000001,-86.672416999999996, 43 55.15 N, 086 40.33 W,43.919170000000001,-86.671670000000006,43.919170000000001,-86.671670000000006,7/16/2015 0:00:00,12/30/1899 0:00:00,12/30/1899 0:00:00,106,5,5468,10.869999999999999,1.830000000000000,286.500000000000000,4.700000000000000,498.800000000000011,13.109999999999999,0.650000000000000,3406,3407,3407,0,-1,,
133,133,47,Lud_110, ,CSMI_15,transect,N2,E,110,43.916533000000001,-86.672416999999996, 43 55.15 N, 086 40.33 W,43.919170000000001,-86.671670000000006,43.919170000000001,-86.671670000000006,7/16/2015 0:00:00,12/30/1899 0:00:00,12/30/1899 0:00:00,106,29,5470,14.029999999999999,2.100000000000000,292.500000000000000,16.500000000000000,491.199999999999989,12.590000000000000,1.630000000000000,3406,3407,3407,0,-1,,
134,134,57,Lud_46, ,CSMI_15,transect,N2,E,46,43.918117000000002,-86.582616999999999, 43 55.19 N, 086 34.82 W,43.919829999999997,-86.579999999999998,43.919829999999997,-86.579999999999998,9/21/2015 0:00:00,12/30/1899 0:00:00,12/30/1899 0:00:00,44,7,5644,12.609999999999999,3.030000000000000,240.400000000000006,18.350000000000001,387.100000000000023,12.570000000000000,1.310000000000000,3451,3452,3452,0,-1,,
135,135,58,Lud_46, ,CSMI_15,transect,N2,E,46,43.918117000000002,-86.582616999999999, 43 55.19 N, 086 34.82 W,43.919829999999997,-86.579999999999998,43.919829999999997,-86.579999999999998,9/21/2015 0:00:00,12/30/1899 0:00:00,12/30/1899 0:00:00,44,21,5646,24.050000000000001,3.070000000000000,302.800000000000011,16.640000000000001,466.699999999999989,12.510000000000000,1.080000000000000,3451,3452,3452,0,-1,,
136,136,48,Lud_110, ,CSMI_15,transect,N2,E,110,43.916533000000001,-86.672416999999996, 43 55.20 N, 086 40.30 W,43.920000000000002,-86.671670000000006,43.920000000000002,-86.671670000000006,6/1/2015 0:00:00,12/30/1899 0:00:00,12/30/1899 0:00:00,107,6,5042,6.630000000000000,1.980000000000000,314.300000000000011,6.430000000000000,447.800000000000011,12.359999999999999,0.570000000000000,3406,3407,3407,0,-1,,
137,137,49,Lud_110, ,CSMI_15,transect,N2,E,110,43.916533000000001,-86.672416999999996, 43 55.20 N, 086 40.31 W,43.920000000000002,-86.671670000000006,43.920000000000002,-86.671670000000006,9/20/2015 0:00:00,12/30/1899 0:00:00,12/30/1899 0:00:00,107,6,5652,10.160000000000000,3.920000000000000,234.099999999999994,3.470000000000000,377.050000000000011,12.480000000000000,1.680000000000000,3406,3407,3407,0,-1,,
138,138,50,Lud_110, ,CSMI_15,transect,N2,E,110,43.916533000000001,-86.672416999999996, 43 55.20 N, 086 40.31 W,43.920000000000002,-86.671670000000006,43.920000000000002,-86.671670000000006,9/20/2015 0:00:00,12/30/1899 0:00:00,12/30/1899 0:00:00,107,20,5654,24.879999999999999,3.270000000000000,293.699999999999989,5.810000000000000,471.800000000000011,12.279999999999999,1.390000000000000,3406,3407,3407,0,-1,,
139,139,56,Lud_46, ,CSMI_15,transect,N2,E,46,43.918117000000002,-86.582616999999999, 43 55.25 N, 086 34.78 W,43.920830000000002,-86.578329999999994,43.920830000000002,-86.578329999999994,6/1/2015 0:00:00,12/30/1899 0:00:00,12/30/1899 0:00:00,44,7,5034,9.289999999999999,2.350000000000000,336.899999999999977,7.960000000000000,490.100000000000023,13.130000000000001,0.390000000000000,3451,3452,3452,0,-1,,
140,140,51,Lud_18, ,CSMI_15,transect,N2,E,18,43.928100000000001,-86.503950000000003, 43 55.45 N, 086 30.21 W,43.924169999999997,-86.503330000000005,43.924169999999997,-86.503330000000005,7/16/2015 0:00:00,12/30/1899 0:00:00,12/30/1899 0:00:00,19,5,5452,18.090000000000000,2.150000000000000,288.100000000000023,2.530000000000000,484.100000000000023,12.900000000000000,0.550000000000000,3452,3453,3453,0,-1,,
141,141,53,Lud_18, ,CSMI_15,transect,N2,E,18,43.928100000000001,-86.503950000000003, 43 55.48 N, 086 30.23 W,43.924669999999999,-86.503330000000005,43.924669999999999,-86.503330000000005,9/21/2015 0:00:00,12/30/1899 0:00:00,12/30/1899 0:00:00,19,5,5636,18.109999999999999,3.550000000000000,246.000000000000000,6.890000000000000,421.000000000000000,10.289999999999999,1.170000000000000,3452,3453,3453,0,-1,,
142,142,52,Lud_18, ,CSMI_15,transect,N2,E,18,43.928100000000001,-86.503950000000003, 43 55.50 N, 086 30.22 W,43.924999999999997,-86.503330000000005,43.924999999999997,-86.503330000000005,5/31/2015 0:00:00,12/30/1899 0:00:00,12/30/1899 0:00:00,19,5,5026,11.010000000000000,2.540000000000000,344.600000000000023,9.890000000000001,494.750000000000000,13.560000000000000,0.440000000000000,3452,3453,3453,0,-1,,
143,143,62,Manit_110, ,CSMI_15,transect,N2,W,110,44.085000000000001,-87.324332999999996, 44 04.79 N, 087 19.19 W,44.079830000000001,-87.318330000000003,44.079830000000001,-87.318330000000003,9/21/2015 0:00:00,12/30/1899 0:00:00,12/30/1899 0:00:00,104,8,5676,13.020000000000000,2.790000000000000,212.300000000000011,14.400000000000000,380.300000000000011,12.150000000000000,2.020000000000000,3479,3480,3480,0,-1,,
144,144,63,Manit_110, ,CSMI_15,transect,N2,W,110,44.085000000000001,-87.324332999999996, 44 04.79 N, 087 19.19 W,44.079830000000001,-87.318330000000003,44.079830000000001,-87.318330000000003,9/21/2015 0:00:00,12/30/1899 0:00:00,12/30/1899 0:00:00,104,22,5678,13.410000000000000,2.430000000000000,232.300000000000011,8.930000000000000,446.699999999999989,9.660000000000000,4.340000000000000,3479,3480,3480,0,-1,,
145,145,61,Manit_110, ,CSMI_15,transect,N2,W,110,44.085000000000001,-87.324332999999996, 44 04.80 N, 087 19.13 W,44.079999999999998,-87.318330000000003,44.079999999999998,-87.318330000000003,6/3/2015 0:00:00,12/30/1899 0:00:00,12/30/1899 0:00:00,105,5,5066,12.970000000000001,2.610000000000000,301.399999999999977,7.660000000000000,463.899999999999977,12.320000000000000,0.260000000000000,3479,3480,3480,0,-1,,
146,146,59,Manit_110, ,CSMI_15,transect,N2,W,110,44.085000000000001,-87.324332999999996, 44 04.83 N, 087 19.28 W,44.080500000000001,-87.319999999999993,44.080500000000001,-87.319999999999993,7/19/2015 0:00:00,12/30/1899 0:00:00,12/30/1899 0:00:00,102,5,5492,7.650000000000000,1.300000000000000,244.099999999999994,5.930000000000000,436.899999999999977,12.410000000000000,0.720000000000000,3479,3480,3480,0,-1,,
147,147,60,Manit_110, ,CSMI_15,transect,N2,W,110,44.085000000000001,-87.324332999999996, 44 04.83 N, 087 19.28 W,44.080500000000001,-87.319999999999993,44.080500000000001,-87.319999999999993,7/19/2015 0:00:00,12/30/1899 0:00:00,12/30/1899 0:00:00,102,38,5494,7.140000000000000,2.100000000000000,280.800000000000011,5.950000000000000,485.500000000000000,12.199999999999999,1.690000000000000,3479,3480,3480,0,-1,,
148,148,64,Manit_18, ,CSMI_15,transect,N2,W,18,44.071783000000003,-87.582183000000001, 44 06.24 N, 087 31.59 W,44.103999999999999,-87.525000000000006,44.103999999999999,-87.525000000000006,7/19/2015 0:00:00,12/30/1899 0:00:00,12/30/1899 0:00:00,19,4,5476,8.210000000000001,1.620000000000000,262.899999999999977,3.680000000000000,423.100000000000023,12.180000000000000,0.330000000000000,3552,3553,3553,0,-1,,
149,149,65,Manit_18, ,CSMI_15,transect,N2,W,18,44.071783000000003,-87.582183000000001, 44 06.24 N, 087 31.59 W,44.103999999999999,-87.525000000000006,44.103999999999999,-87.525000000000006,7/19/2015 0:00:00,12/30/1899 0:00:00,12/30/1899 0:00:00,19,10,5478,13.380000000000001,2.030000000000000,260.399999999999977,5.300000000000000,447.500000000000000,12.400000000000000,0.500000000000000,3552,3553,3553,0,-1,,
150,150,67,Manit_18, ,CSMI_15,transect,N2,W,18,44.071783000000003,-87.582183000000001, 44 06.24 N, 087 31.59 W,44.103999999999999,-87.525000000000006,44.103999999999999,-87.525000000000006,9/21/2015 0:00:00,12/30/1899 0:00:00,12/30/1899 0:00:00,19,4,5660,17.219999999999999,3.390000000000000,263.899999999999977,8.109999999999999,468.199999999999989,10.840000000000000,1.100000000000000,3552,3553,3553,0,-1,,
151,151,66,Manit_18, ,CSMI_15,transect,N2,W,18,44.071783000000003,-87.582183000000001, 44 06.25 N, 087 31.62 W,44.104170000000003,-87.526669999999996,44.104170000000003,-87.526669999999996,6/3/2015 0:00:00,12/30/1899 0:00:00,12/30/1899 0:00:00,19,5,5050,5.470000000000000,2.350000000000000,288.199999999999989,10.810000000000000,428.600000000000023,12.380000000000001,0.120000000000000,3552,3553,3553,0,-1,,
152,152,71,Manit_46, ,CSMI_15,transect,N2,W,46,44.113283000000003,-87.468616999999995, 44 06.57 N, 087 27.57 W,44.109499999999997,-87.458330000000004,44.109499999999997,-87.458330000000004,9/21/2015 0:00:00,12/30/1899 0:00:00,12/30/1899 0:00:00,55,5,5668,30.199999999999999,4.140000000000000,237.099999999999994,16.350000000000001,409.199999999999989,12.240000000000000,1.800000000000000,3516,3517,3517,0,-1,,
153,153,72,Manit_46, ,CSMI_15,transect,N2,W,46,44.113283000000003,-87.468616999999995, 44 06.57 N, 087 27.57 W,44.109499999999997,-87.458330000000004,44.109499999999997,-87.458330000000004,9/21/2015 0:00:00,12/30/1899 0:00:00,12/30/1899 0:00:00,55,15,5670,24.090000000000000,3.710000000000000,267.000000000000000,5.830000000000000,490.100000000000023,12.310000000000000,1.450000000000000,3516,3517,3517,0,-1,,
154,154,68,Manit_46, ,CSMI_15,transect,N2,W,46,44.113283000000003,-87.468616999999995, 44 06.58 N, 087 27.59 W,44.109670000000001,-87.458330000000004,44.109670000000001,-87.458330000000004,7/19/2015 0:00:00,12/30/1899 0:00:00,12/30/1899 0:00:00,55,4,5484,13.449999999999999,2.180000000000000,254.400000000000006,16.710000000000001,418.100000000000023,12.240000000000000,0.400000000000000,3516,3517,3517,0,-1,,
155,155,69,Manit_46, ,CSMI_15,transect,N2,W,46,44.113283000000003,-87.468616999999995, 44 06.58 N, 087 27.59 W,44.109670000000001,-87.458330000000004,44.109670000000001,-87.458330000000004,7/19/2015 0:00:00,12/30/1899 0:00:00,12/30/1899 0:00:00,55,26,5486,8.580000000000000,1.830000000000000,271.800000000000011,6.300000000000000,449.600000000000023,12.330000000000000,1.250000000000000,3516,3517,3517,0,-1,,
156,156,70,Manit_46, ,CSMI_15,transect,N2,W,46,44.113283000000003,-87.468616999999995, 44 06.61 N, 087 27.62 W,44.110169999999997,-87.459999999999994,44.110169999999997,-87.459999999999994,6/3/2015 0:00:00,12/30/1899 0:00:00,12/30/1899 0:00:00,55,5,5058,7.910000000000000,2.830000000000000,300.100000000000023,9.420000000000000,439.899999999999977,12.170000000000000,0.180000000000000,3516,3517,3517,0,-1,,
157,157,10,Frank_46, ,CSMI_15,transect,N1,E,46,44.485182999999999,-86.308300000000003, 44 29.03 N, 086 18.60 W,44.483829999999998,-86.310000000000002,44.483829999999998,-86.310000000000002,5/31/2015 0:00:00,12/30/1899 0:00:00,12/30/1899 0:00:00,43,5,5010,9.470000000000001,2.500000000000000,320.000000000000000,7.860000000000000,439.699999999999989,12.510000000000000,0.370000000000000,2739,2740,2740,0,-1,,
158,158,8,Frank_46, ,CSMI_15,transect,N1,E,46,44.485182999999999,-86.308300000000003, 44 29.09 N, 086 18.56 W,44.484830000000002,-86.308329999999998,44.484830000000002,-86.308329999999998,7/15/2015 0:00:00,12/30/1899 0:00:00,12/30/1899 0:00:00,44,4,5436,7.240000000000000,2.090000000000000,262.899999999999977,6.120000000000000,489.300000000000011,12.730000000000000,0.360000000000000,2739,2740,2740,0,-1,,
159,159,9,Frank_46, ,CSMI_15,transect,N1,E,46,44.485182999999999,-86.308300000000003, 44 29.09 N, 086 18.56 W,44.484830000000002,-86.308329999999998,44.484830000000002,-86.308329999999998,7/15/2015 0:00:00,12/30/1899 0:00:00,12/30/1899 0:00:00,44,23,5438,7.610000000000000,2.080000000000000,278.899999999999977,19.100000000000001,458.699999999999989,12.430000000000000,0.280000000000000,2739,2740,2740,0,-1,,
160,160,11,Frank_46, ,CSMI_15,transect,N1,E,46,44.485182999999999,-86.308300000000003, 44 29.09 N, 086 18.55 W,44.484830000000002,-86.308329999999998,44.484830000000002,-86.308329999999998,9/20/2015 0:00:00,12/30/1899 0:00:00,12/30/1899 0:00:00,46,10,5620,13.150000000000000,2.860000000000000,243.400000000000006,2.050000000000000,393.500000000000000,12.460000000000001,1.360000000000000,2739,2740,2740,0,-1,,
161,161,2,Frank_110, ,CSMI_15,transect,N1,E,110,44.498182999999997,-86.335350000000005, 44 29.68 N, 086 20.71 W,44.494669999999999,-86.344999999999999,44.494669999999999,-86.344999999999999,5/31/2015 0:00:00,12/30/1899 0:00:00,12/30/1899 0:00:00,108,5,5018,11.070000000000000,2.950000000000000,332.899999999999977,5.880000000000000,441.000000000000000,12.640000000000001,0.290000000000000,2675,2676,2676,0,-1,,
162,162,3,Frank_110, ,CSMI_15,transect,N1,E,110,44.498182999999997,-86.335350000000005, 44 29.70 N, 086 20.74 W,44.494999999999997,-86.344999999999999,44.494999999999997,-86.344999999999999,9/20/2015 0:00:00,12/30/1899 0:00:00,12/30/1899 0:00:00,114,10,5628,10.699999999999999,2.770000000000000,237.400000000000006,2.780000000000000,390.000000000000000,10.390000000000001,1.550000000000000,2675,2676,2676,0,-1,,
163,163,4,Frank_110, ,CSMI_15,transect,N1,E,110,44.498182999999997,-86.335350000000005, 44 29.70 N, 086 20.74 W,44.494999999999997,-86.344999999999999,44.494999999999997,-86.344999999999999,9/20/2015 0:00:00,12/30/1899 0:00:00,12/30/1899 0:00:00,114,31,5630,24.789999999999999,3.320000000000000,295.899999999999977,3.810000000000000,440.000000000000000,12.460000000000001,1.290000000000000,2675,2676,2676,0,-1,,
164,164,0,Frank_110, ,CSMI_15,transect,N1,E,110,44.498182999999997,-86.335350000000005, 44 29.72 N, 086 20.75 W,44.495330000000003,-86.344999999999999,44.495330000000003,-86.344999999999999,7/15/2015 0:00:00,12/30/1899 0:00:00,12/30/1899 0:00:00,110,5,5444,7.990000000000000,2.080000000000000,253.800000000000011,2.040000000000000,473.399999999999977,13.070000000000000,0.450000000000000,2675,2676,2676,0,-1,,
165,165,1,Frank_110, ,CSMI_15,transect,N1,E,110,44.498182999999997,-86.335350000000005, 44 29.72 N, 086 20.75 W,44.495330000000003,-86.344999999999999,44.495330000000003,-86.344999999999999,7/15/2015 0:00:00,12/30/1899 0:00:00,12/30/1899 0:00:00,110,30,5446,14.310000000000000,1.970000000000000,274.899999999999977,5.050000000000000,485.699999999999989,12.539999999999999,0.670000000000000,2675,2676,2676,0,-1,,
166,166,7,Frank_18, ,CSMI_15,transect,N1,E,18,44.512883000000002,-86.261866999999995, 44 30.59 N, 086 15.60 W,44.509830000000001,-86.260000000000005,44.509830000000001,-86.260000000000005,9/20/2015 0:00:00,12/30/1899 0:00:00,12/30/1899 0:00:00,18,5,5612,12.650000000000000,2.440000000000000,247.099999999999994,4.190000000000000,405.100000000000023,12.449999999999999,1.040000000000000,2740,2741,2741,0,-1,,
167,167,5,Frank_18, ,CSMI_15,transect,N1,E,18,44.512883000000002,-86.261866999999995, 44 30.64 N, 086 15.60 W,44.510669999999998,-86.260000000000005,44.510669999999998,-86.260000000000005,7/15/2015 0:00:00,12/30/1899 0:00:00,12/30/1899 0:00:00,18,5,5428,12.340000000000000,2.310000000000000,272.899999999999977,10.570000000000000,479.600000000000023,12.480000000000000,0.480000000000000,2740,2741,2741,0,-1,,
168,168,6,Frank_18, ,CSMI_15,transect,N1,E,18,44.512883000000002,-86.261866999999995, 44 30.72 N, 086 15.61 W,44.512000000000000,-86.260000000000005,44.512000000000000,-86.260000000000005,5/31/2015 0:00:00,12/30/1899 0:00:00,12/30/1899 0:00:00,17,5,5002,12.199999999999999,2.600000000000000,327.600000000000023,5.320000000000000,449.300000000000011,12.880000000000001,0.290000000000000,2740,2741,2741,0,-1,,
169,169,165,Sturg_110, ,CSMI_15,transect,N1,W,110,44.691566999999999,-87.150450000000006, 44 41.37 N, 087 09.03 W,44.689500000000002,-87.150000000000006,44.689500000000002,-87.150000000000006,9/19/2015 0:00:00,12/30/1899 0:00:00,12/30/1899 0:00:00,105,6,5700,15.570000000000000,3.710000000000000,231.099999999999994,16.550000000000001,444.199999999999989,12.270000000000000,2.130000000000000,2836,2837,2837,0,-1,,
170,170,166,Sturg_110, ,CSMI_15,transect,N1,W,110,44.691566999999999,-87.150450000000006, 44 41.37 N, 087 09.03 W,44.689500000000002,-87.150000000000006,44.689500000000002,-87.150000000000006,9/19/2015 0:00:00,12/30/1899 0:00:00,12/30/1899 0:00:00,105,27,5702,21.120000000000001,2.990000000000000,276.899999999999977,18.030000000000001,447.899999999999977,12.170000000000000,1.570000000000000,2836,2837,2837,0,-1,,
171,171,164,Sturg_110, ,CSMI_15,transect,N1,W,110,44.691566999999999,-87.150450000000006, 44 41.43 N, 087 08.99 W,44.690500000000000,-87.148330000000001,44.690500000000000,-87.148330000000001,5/30/2015 0:00:00,12/30/1899 0:00:00,12/30/1899 0:00:00,104,4,5162,6.880000000000000,0.550000000000000,309.399999999999977,12.170000000000000,444.100000000000023,12.440000000000000,0.520000000000000,2836,2837,2837,0,-1,,
172,172,162,Sturg_110, ,CSMI_15,transect,N1,W,110,44.691566999999999,-87.150450000000006, 44 41.46 N, 087 09.01 W,44.691000000000003,-87.150000000000006,44.691000000000003,-87.150000000000006,7/14/2015 0:00:00,12/30/1899 0:00:00,12/30/1899 0:00:00,106,5,5588,13.440000000000000,1.640000000000000,212.199999999999989,7.940000000000000,413.600000000000023,12.550000000000001,0.460000000000000,2836,2837,2837,0,-1,,
173,173,163,Sturg_110, ,CSMI_15,transect,N1,W,110,44.691566999999999,-87.150450000000006, 44 41.46 N, 087 09.01 W,44.691000000000003,-87.150000000000006,44.691000000000003,-87.150000000000006,7/14/2015 0:00:00,12/30/1899 0:00:00,12/30/1899 0:00:00,106,35,5590,9.730000000000000,2.260000000000000,263.500000000000000,8.740000000000000,425.600000000000023,12.380000000000001,0.200000000000000,2836,2837,2837,0,-1,,
174,174,173,Sturg_46, ,CSMI_15,transect,N1,W,46,44.699866999999998,-87.261382999999995, 44 42.02 N, 087 15.82 W,44.700330000000001,-87.263329999999996,44.700330000000001,-87.263329999999996,9/19/2015 0:00:00,12/30/1899 0:00:00,12/30/1899 0:00:00,42,16,5692,24.649999999999999,2.670000000000000,247.199999999999989,8.010000000000000,458.699999999999989,11.430000000000000,0.630000000000000,2945,2946,2946,0,-1,,
175,175,172,Sturg_46, ,CSMI_15,transect,N1,W,46,44.699866999999998,-87.261382999999995, 44 42.05 N, 087 15.76 W,44.700830000000003,-87.261669999999995,44.700830000000003,-87.261669999999995,5/30/2015 0:00:00,12/30/1899 0:00:00,12/30/1899 0:00:00,42,5,5154,5.810000000000000,1.890000000000000,298.899999999999977,13.310000000000000,433.300000000000011,12.400000000000000,0.640000000000000,2945,2946,2946,0,-1,,
176,176,170,Sturg_46, ,CSMI_15,transect,N1,W,46,44.699866999999998,-87.261382999999995, 44 42.12 N, 087 15.74 W,44.701999999999998,-87.261669999999995,44.701999999999998,-87.261669999999995,7/14/2015 0:00:00,12/30/1899 0:00:00,12/30/1899 0:00:00,45,5,5580,8.560000000000000,1.880000000000000,223.699999999999989,17.180000000000000,426.399999999999977,12.490000000000000,0.640000000000000,2945,2946,2946,0,-1,,
177,177,171,Sturg_46, ,CSMI_15,transect,N1,W,46,44.699866999999998,-87.261382999999995, 44 42.12 N, 087 15.74 W,44.701999999999998,-87.261669999999995,44.701999999999998,-87.261669999999995,7/14/2015 0:00:00,12/30/1899 0:00:00,12/30/1899 0:00:00,45,26,5582,14.730000000000000,2.400000000000000,267.699999999999989,8.609999999999999,441.899999999999977,12.390000000000001,0.670000000000000,2945,2946,2946,0,-1,,
178,178,168,Sturg_18, ,CSMI_15,transect,N1,W,18,44.753450000000001,-87.276250000000005, 44 45.00 N, 087 16.59 W,44.750000000000000,-87.275000000000006,44.750000000000000,-87.275000000000006,5/30/2015 0:00:00,12/30/1899 0:00:00,12/30/1899 0:00:00,17,5,5146,6.120000000000000,0.550000000000000,279.300000000000011,7.810000000000000,429.000000000000000,12.279999999999999,0.350000000000000,2944,2945,2945,0,-1,,
179,179,169,Sturg_18, ,CSMI_15,transect,N1,W,18,44.753450000000001,-87.276250000000005, 44 45.01 N, 087 16.59 W,44.750169999999997,-87.275000000000006,44.750169999999997,-87.275000000000006,9/19/2015 0:00:00,12/30/1899 0:00:00,12/30/1899 0:00:00,19,5,5684,28.980000000000000,3.150000000000000,287.500000000000000,4.150000000000000,462.800000000000011,12.070000000000000,0.330000000000000,2944,2945,2945,0,-1,,
180,180,167,Sturg_18, ,CSMI_15,transect,N1,W,18,44.753450000000001,-87.276250000000005, 44 45.05 N, 087 16.58 W,44.750830000000001,-87.275000000000006,44.750830000000001,-87.275000000000006,7/14/2015 0:00:00,12/30/1899 0:00:00,12/30/1899 0:00:00,18,5,5572,9.300000000000001,1.660000000000000,219.900000000000006,6.770000000000000,425.300000000000011,12.510000000000000,0.310000000000000,2944,2945,2945,0,-1,,
