Year,Month,Day,Station,Depth,SurfaceTemp,CHL,TP 
2007,3,20,Alpha,5,,,9.81
2007,3,27,Alpha,5,,2.84,12.84
2007,4,9,Alpha,5,1.4,0.71,5.89
2007,4,24,Alpha,5,,1.87,8.90
2007,5,10,Alpha,5,12.8,2.64,
2007,5,22,Alpha,5,10.0,2.85,6.98
2007,6,5,Alpha,5,9.8,1.15,5.49
2007,6,25,Alpha,5,21.2,1.32,4.72
2007,7,3,Alpha,5,9.5,0.92,4.09
2007,7,30,Alpha,5,19.5,1.94,5.71
2007,8,13,Alpha,5,22.1,0.94,4.68
2007,8,22,Alpha,5,20.0,1.24,3.26
2007,9,6,Alpha,5,23.6,1.08,3.24
2007,9,25,Alpha,5,19.5,0.78,4.09
2007,10,1,Alpha,5,17.9,1.79,9.29
2007,10,23,Alpha,5,15.6,1.68,6.06
2007,11,13,Alpha,5,,1.89,5.56
2007,12,4,Alpha,5,5.3,1.35,6.11
2007,3,20,Beta,10,,0.73,5.83
2007,3,27,Beta,10,,0.64,8.67
2007,4,9,Beta,10,1.4,0.71,4.49
2007,4,24,Beta,5,,0.66,3.92
2007,5,10,Beta,10,6.4,0.39,3.48
2007,5,22,Beta,10,7.0,0.82,3.98
2007,6,5,Beta,5,9.8,1.11,4.66
2007,6,25,Beta,5,20.8,1.14,6.15
2007,6,25,Beta,15,20.8,2.68,7.73
2007,7,3,Beta,5,12.5,1.69,5.32
2007,7,3,Beta,25,12.5,0.59,2.78
2007,7,30,Beta,5,20.4,0.70,4.45
2007,7,30,Beta,25,20.4,0.37,2.70
2007,8,13,Beta,5,22.7,0.58,5.44
2007,8,13,Beta,25,22.7,1.47,8.09
2007,8,22,Beta,5,20.0,1.17,4.18
2007,8,22,Beta,25,20.0,1.32,3.85
2007,9,6,Beta,5,22.7,0.83,1.98
2007,9,6,Beta,25,22.7,0.59,1.97
2007,9,25,Beta,5,19.5,0.70,3.32
2007,10,1,Beta,5,18.2,2.36,4.99
2007,10,1,Beta,25,18.2,2.40,4.70
2007,10,23,Beta,5,15.0,1.85,5.82
2007,11,13,Beta,5,10.9,1.77,5.43
2007,11,13,Beta,25,10.9,1.87,5.37
2007,12,4,Beta,5,7.8,0.78,4.48
2007,12,4,Beta,25,7.8,0.59,5.00
2007,3,20,Omega,10,2.0,0.98,10.68
2007,3,27,Omega,10,,0.72,4.15
2007,4,9,Omega,10,1.7,0.99,5.39
2007,4,24,Omega,10,,0.82,4.72
2007,5,10,Omega,10,4.0,0.52,3.26
2007,5,22,Omega,10,5.0,0.36,3.44
2007,6,5,Omega,,,,
2007,6,9,Omega,10,,0.78,4.33
2007,6,25,Omega,5,19.6,0.80,4.58
2007,6,25,Omega,15,19.6,1.53,3.56
2007,6,25,Omega,25,19.6,4.18,4.56
2007,6,25,Omega,50,19.6,2.12,3.44
2007,7,3,Omega,5,15.0,0.83,4.74
2007,7,3,Omega,25,15.0,5.55,6.03
2007,7,30,Omega,5,20.0,0.62,2.46
2007,7,30,Omega,15,20.0,0.70,3.38
2007,7,30,Omega,25,20.0,1.97,4.64
2007,7,30,Omega,50,20.0,0.99,3.77
2007,8,13,Omega,5,22.8,0.55,2.44
2007,8,13,Omega,25,22.8,1.58,4.26
2007,8,22,Omega,5,20.0,1.23,3.07
2007,8,22,Omega,15,20.0,1.15,3.24
2007,8,22,Omega,25,20.0,1.39,4.62
2007,8,22,Omega,50,20.0,2.05,5.66
2007,9,6,Omega,5,22.6,0.75,1.76
2007,9,6,Omega,25,22.6,1.12,3.11
2007,9,6,Omega,50,22.6,0.23,2.82
2007,9,25,Omega,5,19.0,0.46,2.72
2007,10,1,Omega,5,18.5,2.24,4.44
2007,10,1,Omega,25,18.5,1.16,3.79
2007,10,1,Omega,50,18.5,0.44,4.09
2007,10,23,Omega,5,15.0,1.65,5.45
2007,10,23,Omega,50,15.0,1.86,4.35
2007,11,13,Omega,5,10.6,1.79,
2007,11,13,Omega,50,10.6,0.59,4.33
2007,12,4,Omega,5,8.0,1.36,4.64
2007,12,4,Omega,50,8.0,1.53,4.86
2008,3,31,Alpha,5,2.50,2.28,8.89
2008,4,8,Alpha,5,,2.41,12.54
2008,4,17,Alpha,5,4.7,2.90,11.76
2008,5,5,Alpha,10,8.6,2.24,4.64
2008,5,16,Alpha,5,8.6,2.17,6.03
2008,6,4,Alpha,5,11.0,4.58,6.47
2008,6,19,Alpha,5,14.1,1.97,6.80
2008,7,7,Alpha,5,18.8,1.69,4.48
2008,7,21,Alpha,5,23.0,4.67,6.10
2008,8,13,Alpha,5,14.5,1.51,5.85
2008,8,27,Alpha,5,20.9,1.22,4.74
2008,9,3,Alpha,,,,
2008,9,16,Alpha,5,18.0,2.07,5.79
2008,10,15,Alpha,5,15.4,2.86,5.10
2008,11,3,Alpha,5,11.5,2.38,4.38
2008,3,31,Beta,5,1.60,0.71,3.41
2008,4,3,Beta,10,1.9,0.49,3.03
2008,4,8,Beta,10,,0.37,3.06
2008,4,17,Beta,10,2.7,0.77,3.05
2008,4,30,Beta,,,,
2008,5,5,Beta,10,4.8,0.68,3.15
2008,5,16,Beta,10,6.7,0.46,2.85
2008,5,16,Beta,30,6.7,0.45,2.90
2008,6,4,Beta,10,9.9,1.87,7.42
2008,6,4,Beta,25,9.9,1.58,3.52
2008,6,19,Beta,5,15.8,4.42,7.83
2008,6,19,Beta,25,15.8,1.26,3.48
2008,7,7,Beta,5,18.4,1.33,4.10
2008,7,7,Beta,25,18.4,1.92,4.88
2008,7,21,Beta,5,20.5,0.98,2.60
2008,7,21,Beta,25,20.5,1.84,3.20
2008,8,12,Beta,,12.5,,
2008,8,13,Beta,5,19.2,1.32,3.86
2008,8,13,Beta,25,19.2,0.89,3.17
2008,8,27,Beta,5,20.6,0.97,4.35
2008,8,27,Beta,25,20.6,0.70,3.95
2008,9,3,Beta,,,,
2008,9,16,Beta,5,18.1,1.60,4.19
2008,9,16,Beta,25,18.1,0.53,3.32
2008,9,29,Beta,,,,
2008,10,15,Beta,5,15.3,3.24,5.73
2008,10,15,Beta,25,15.3,1.69,4.74
2008,11,3,Beta,10,11.7,2.79,4.42
2008,11,3,Beta,25,11.7,2.50,4.03
2008,4,3,GH100,10,2.3,1.04,4.08
2008,4,3,GH100,25,2.3,1.12,3.59
2008,4,30,GH100,10,,0.94,4.06
2008,6,5,GH100,5,7.2,0.51,3.42
2008,6,5,GH100,25,7.2,0.89,10.15
2008,6,5,GH100,50,7.2,0.97,4.85
2008,7,21,GH100,5,19.5,1.22,1.97
2008,7,21,GH100,20,19.5,1.55,3.34
2008,7,21,GH100,22,19.5,1.77,7.27
2008,7,21,GH100,36,19.5,2.44,4.13
2008,7,21,GH100,48,19.5,1.50,4.41
2008,7,21,GH100,50,19.5,1.08,3.77
2008,8,14,GH100,5,21.2,0.98,3.82
2008,8,14,GH100,15,21.2,1.40,4.65
2008,8,14,GH100,35,21.2,1.16,7.62
2008,8,14,GH100,60,21.2,0.53,3.74
2008,9,18,GH100,5,18.4,1.85,4.21
2008,9,18,GH100,30,18.4,2.01,4.33
2008,9,18,GH100,50,18.4,0.43,3.54
2008,9,18,GH100,80,18.4,0.28,3.54
2008,4,3,GH45,10,2.0,0.53,2.74
2008,4,30,GH45,10,,0.50,3.20
2008,6,5,GH45,5,10.4,1.68,5.56
2008,6,5,GH45,25,10.4,1.32,3.26
2008,7,21,GH45,5,21.5,1.84,3.59
2008,7,21,GH45,25,21.5,2.12,2.78
2008,8,14,GH45,5,14.6,1.52,10.54
2008,8,14,GH45,25,14.6,0.50,6.39
2008,9,18,GH45,5,18.0,2.14,4.78
2008,4,30,MIDLK,10,,0.99,4.15
2008,4,30,MIDLK,50,,0.96,3.94
2008,6,26,MIDLK,5,,0.88,5.98
2008,6,26,MIDLK,25,,2.20,3.89
2008,6,26,MIDLK,50,,1.45,3.48
2008,3,31,Omega,5,2.1,1.09,4.99
2008,4,3,Omega,10,2.4,1.17,3.46
2008,4,3,Omega,25,2.4,1.16,3.37
2008,4,8,Omega,10,,0.93,3.16
2008,4,8,Omega,50,,1.10,3.27
2008,4,17,Omega,10,2.3,0.82,3.33
2008,5,5,Omega,10,3.2,0.95,3.23
2008,5,5,Omega,50,3.2,0.91,3.22
2008,5,16,Omega,5,4.7,0.90,2.86
2008,5,16,Omega,25,4.7,1.08,2.78
2008,5,16,Omega,50,4.7,0.95,3.07
2008,6,4,Omega,10,8.0,0.80,3.47
2008,6,4,Omega,25,8.0,0.92,3.41
2008,6,4,Omega,50,8.0,0.87,4.56
2008,6,19,Omega,5,16.0,3.89,7.80
2008,6,19,Omega,15,16.0,1.79,4.06
2008,6,19,Omega,25,16.0,1.35,3.41
2008,6,19,Omega,35,16.0,1.13,3.62
2008,6,19,Omega,50,16.0,0.97,3.22
2008,7,7,Omega,5,17.1,0.81,2.86
2008,7,7,Omega,12,17.1,1.00,3.45
2008,7,7,Omega,15,17.1,1.51,5.47
2008,7,7,Omega,24,17.1,2.10,3.77
2008,7,7,Omega,36,17.1,1.84,4.33
2008,7,7,Omega,50,17.1,1.07,3.62
2008,7,12,Omega,5,,0.99,
2008,7,12,Omega,15,,1.47,
2008,7,12,Omega,20,,1.56,
2008,7,12,Omega,25,,1.60,
2008,7,21,Omega,5,20.5,1.31,3.18
2008,7,21,Omega,10,20.5,1.87,3.30
2008,7,21,Omega,12,20.5,2.01,3.75
2008,7,21,Omega,32,20.5,3.02,4.15
2008,7,21,Omega,47,20.5,1.69,3.47
2008,7,21,Omega,50,20.5,1.34,3.22
2008,8,12,Omega,,20.8,,
2008,8,13,Omega,5,20.5,1.03,3.37
2008,8,13,Omega,15,20.5,0.87,4.32
2008,8,13,Omega,25,20.5,1.12,3.70
2008,8,13,Omega,35,20.5,2.19,4.50
2008,8,13,Omega,45,20.5,1.18,3.73
2008,8,13,Omega,50,20.5,0.95,3.42
2008,8,27,Omega,5,20.5,1.26,4.71
2008,8,27,Omega,10,20.5,1.24,4.26
2008,8,27,Omega,20,20.5,1.34,5.14
2008,8,27,Omega,30,20.5,1.38,5.61
2008,8,27,Omega,50,20.5,1.11,3.95
2008,8,27,Omega,80,20.5,0.28,3.52
2008,9,3,Omega,,,,
2008,9,16,Omega,5,18.4,1.85,4.71
2008,9,16,Omega,10,18.4,2.18,4.89
2008,9,16,Omega,20,18.4,1.22,4.77
2008,9,16,Omega,30,18.4,1.43,6.57
2008,9,16,Omega,50,18.4,0.64,3.76
2008,9,16,Omega,80,18.4,0.25,2.92
2008,10,15,Omega,5,15.2,2.73,5.01
2008,10,15,Omega,20,15.2,2.82,4.88
2008,10,15,Omega,50,15.2,0.36,2.76
2008,11,3,Omega,10,10.4,2.73,5.66
2008,11,3,Omega,30,10.4,,5.21
2008,11,3,Omega,60,10.4,,2.51
2009,4,2,Alpha,5,1.7,2.16,7.06
2009,4,16,Alpha,5,4.2,0.66,4.31
2009,5,14,Alpha,5,11.6,9.57,12.95
2009,6,11,Alpha,5,11.4,2.45,6.55
2009,7,6,Alpha,5,20.1,2.42,7.39
2009,7,13,Alpha,5,17.1,2.86,5.60
2009,8,5,Alpha,5,22.6,5.52,10.54
2009,8,18,Alpha,5,22,1.67,4.00
2009,8,27,Alpha,5,21.4,3.26,6.16
2009,9,1,Alpha,5,,2.04,6.09
2009,9,14,Alpha,5,20.8,1.00,4.19
2009,10,20,Alpha,5,11.1,1.99,6.48
2009,11,9,Alpha,5,11.2,2.34,10.10
2009,4,2,Beta,5,1.4,0.44,4.03
2009,4,16,Beta,10,2.4,0.77,4.00
2009,4,30,Beta,10,,0.78,4.19
2009,5,14,Beta,5,6.4,1.26,4.69
2009,5,14,Beta,25,6.4,0.92,4.41
2009,6,11,Beta,5,12.4,1.96,5.24
2009,6,11,Beta,25,12.4,0.96,4.13
2009,7,6,Beta,5,17.6,1.01,5.69
2009,7,6,Beta,25,17.6,0.54,4.51
2009,7,13,Beta,5,18.3,1.81,5.03
2009,7,13,Beta,25,18.3,1.67,3.74
2009,8,5,Beta,5,21.7,1.58,5.42
2009,8,5,Beta,20,21.7,0.81,3.09
2009,8,18,Beta,5,22,1.03,2.23
2009,8,18,Beta,20,22,3.41,4.25
2009,8,27,Beta,5,21.2,1.35,2.75
2009,8,27,Beta,25,21.2,1.33,6.76
2009,8,29,Beta,,,,
2009,9,1,Beta,5,,2.14,6.51
2009,9,1,Beta,25,,0.83,6.92
2009,9,14,Beta,5,20.4,0.96,6.16
2009,9,14,Beta,15,20.4,2.38,7.39
2009,10,1,Beta,,,,
2009,10,20,Beta,10,10.8,3.09,7.05
2009,11,9,Beta,10,11.1,1.60,6.66
2009,4,30,GH100,10,,0.64,2.76
2009,4,30,GH45,10,,0.71,4.24
2009,7,9,MIDLK,5,19,0.64,
2009,7,9,MIDLK,20,19,1.78,
2009,7,9,MIDLK,30,19,3.48,
2009,7,9,MIDLK,80,19,0.92,
2009,4,2,Omega,5,1.5,0.77,3.36
2009,4,16,Omega,10,2.7,0.82,3.48
2009,4,16,Omega,30,2.7,0.74,3.21
2009,4,30,Omega,10,,0.71,3.01
2009,5,14,Omega,5,3.3,0.91,3.79
2009,5,14,Omega,25,3.3,0.86,3.61
2009,5,14,Omega,50,3.3,0.74,3.24
2009,6,11,Omega,5,11.4,1.15,6.36
2009,6,11,Omega,10,11.4,0.77,3.58
2009,6,11,Omega,15,11.4,0.76,3.48
2009,6,11,Omega,25,11.4,0.84,3.15
2009,6,11,Omega,50,11.4,0.69,3.18
2009,6,11,Omega,80,11.4,0.28,2.73
2009,7,6,Omega,5,19.7,1.19,3.59
2009,7,6,Omega,10,19.7,1.21,4.25
2009,7,6,Omega,15,19.7,1.43,4.23
2009,7,6,Omega,20,19.7,1.73,5.05
2009,7,6,Omega,25,19.7,2.70,3.65
2009,7,6,Omega,30,19.7,1.85,3.86
2009,7,6,Omega,35,19.7,1.78,3.85
2009,7,6,Omega,40,19.7,1.82,4.13
2009,7,6,Omega,50,19.7,1.57,3.49
2009,7,6,Omega,80,19.7,0.20,2.37
2009,7,13,Omega,5,19.3,1.10,2.76
2009,7,13,Omega,15,19.3,1.64,4.83
2009,7,13,Omega,20,19.3,1.73,5.54
2009,7,13,Omega,25,19.3,1.78,2.91
2009,7,13,Omega,30,19.3,1.63,3.21
2009,7,13,Omega,35,19.3,1.76,3.61
2009,7,13,Omega,40,19.3,1.36,3.37
2009,7,13,Omega,50,19.3,1.21,4.96
2009,7,13,Omega,80,19.3,0.38,4.24
2009,8,5,Omega,5,20.5,0.95,3.40
2009,8,5,Omega,10,20.5,0.88,3.39
2009,8,5,Omega,30,20.5,1.32,3.62
2009,8,5,Omega,40,20.5,2.82,4.11
2009,8,5,Omega,50,20.5,1.48,3.58
2009,8,5,Omega,80,20.5,0.28,2.84
2009,8,18,Omega,5,21,0.71,3.49
2009,8,18,Omega,15,21,0.76,3.04
2009,8,18,Omega,35,21,1.90,3.71
2009,8,18,Omega,50,21,4.03,3.75
2009,8,18,Omega,60,21,0.92,3.45
2009,8,18,Omega,80,21,0.36,2.79
2009,8,27,Omega,5,20.8,0.94,3.68
2009,8,27,Omega,20,20.8,1.83,8.72
2009,8,27,Omega,30,20.8,1.36,3.30
2009,8,27,Omega,40,20.8,2.12,4.00
2009,8,27,Omega,50,20.8,1.10,3.64
2009,8,27,Omega,80,20.8,0.26,3.13
2009,8,29,Omega,,,,
2009,9,1,Omega,5,,0.92,5.84
2009,9,1,Omega,42,,0.88,5.58
2009,9,14,Omega,5,21.1,0.72,4.26
2009,9,14,Omega,20,21.1,1.81,7.92
2009,9,14,Omega,80,21.1,0.25,4.40
2009,9,23,Omega,,,,
2009,10,20,Omega,10,10.5,2.85,5.11
2009,10,20,Omega,40,10.5,1.25,5.51
2009,10,20,Omega,80,10.5,0.26,4.89
2009,10,28,Omega,,,,
2009,11,9,Omega,10,9.2,1.48,4.99
2009,11,9,Omega,80,9.2,0.11,4.32
2010,3,16,Alpha,5,2.1,0.98,4.65
2010,3,24,Alpha,,,,
2010,4,5,Alpha,5,4.3,0.97,4.83
2010,4,12,Alpha,,,,
2010,4,27,Alpha,5,6.6,1.34,4.82
2010,4,28,Alpha,,,,
2010,5,3,Alpha,5,9.1,5.10,7.61
2010,5,6,Alpha,,,,
2010,5,17,Alpha,,10.3,,
2010,5,18,Alpha,5,10.3,3.85,8.43
2010,5,25,Alpha,,,,
2010,6,3,Alpha,,,,
2010,6,4,Alpha,5,15,3.25,12.64
2010,6,6,Alpha,,15.5,,
2010,6,8,Alpha,,,,
2010,6,14,Alpha,5,15.3,3.95,9.28
2010,6,15,Alpha,,,,
2010,6,18,Alpha,5,18.4,6.16,
2010,6,29,Alpha,,,,
2010,7,1,Alpha,5,19.1,1.69,7.21
2010,7,9,Alpha,,,,
2010,7,19,Alpha,,,,
2010,7,26,Alpha,5,25.7,1.90,7.75
2010,7,27,Alpha,,23.7,,
2010,8,3,Alpha,5,24,1.04,3.56
2010,8,17,Alpha,5,13,2.53,8.87
2010,9,9,Alpha,5,19,2.18,
2010,9,28,Alpha,5,,2.33,8.08
2010,10,18,Alpha,5,11,2.25,5.75
2010,11,1,Alpha,5,13.6,2.35,10.02
2010,12,3,Alpha,5,7.3,2.84,5.60
2010,3,16,Beta,10,1.7,1.65,4.89
2010,3,16,Beta,30,1.7,1.59,5.36
2010,3,18,Beta,,,,
2010,3,24,Beta,,,,
2010,4,5,Beta,5,3.2,0.75,3.96
2010,4,5,Beta,30,3.2,0.68,4.36
2010,4,12,Beta,,,,
2010,4,27,Beta,5,3.9,0.48,4.43
2010,4,27,Beta,25,3.9,0.54,4.41
2010,4,28,Beta,,,,
2010,5,3,Beta,5,5.1,0.49,3.99
2010,5,3,Beta,25,5.1,0.59,4.44
2010,5,4,Beta,,,,
2010,5,6,Beta,,,,
2010,5,17,Beta,,9,,
2010,5,18,Beta,5,9.4,0.73,5.56
2010,5,18,Beta,25,9.4,1.53,4.56
2010,5,25,Beta,,,,
2010,6,3,Beta,,,,
2010,6,4,Beta,5,14.3,2.51,8.06
2010,6,4,Beta,10,14.3,2.11,5.77
2010,6,4,Beta,25,14.3,1.54,4.82
2010,6,6,Beta,,14.5,,
2010,6,8,Beta,,,,
2010,6,14,Beta,5,16.4,3.55,7.55
2010,6,14,Beta,25,16.4,1.67,4.60
2010,6,15,Beta,,,,
2010,6,18,Beta,5,17.1,2.69,
2010,6,18,Beta,25,17.1,1.23,
2010,6,29,Beta,,,,
2010,7,1,Beta,5,20.6,2.51,7.81
2010,7,1,Beta,25,20.6,1.64,5.63
2010,7,9,Beta,,,,
2010,7,19,Beta,,,,
2010,7,26,Beta,5,23.8,1.86,5.76
2010,7,26,Beta,25,23.8,1.93,6.96
2010,7,27,Beta,,23.8,,
2010,8,3,Beta,5,22,1.28,4.03
2010,8,3,Beta,25,22,0.97,5.33
2010,8,4,Beta,,,,
2010,8,17,Beta,5,23,0.73,3.63
2010,8,17,Beta,25,23,1.32,6.09
2010,9,9,Beta,5,18,3.00,5.83
2010,9,9,Beta,25,18,1.01,6.00
2010,9,28,Beta,5,,2.40,5.16
2010,9,28,Beta,25,,2.14,5.02
2010,10,18,Beta,5,16,2.12,11.54
2010,10,18,Beta,25,16,1.65,
2010,11,1,Beta,5,14,1.22,12.84
2010,11,1,Beta,25,14,0.93,6.64
2010,12,3,Beta,5,8.3,1.39,7.41
2010,12,3,Beta,25,8.3,1.04,10.63
2010,4,19,FR_Alpha,5,4,0.66,5.85
2010,4,19,FR_Alpha,,,,
2010,5,16,FR_Alpha,5,,0.71,4.23
2010,6,16,FR_Alpha,5,10,0.65,3.66
2010,7,11,FR_Alpha,5,18,1.15,3.88
2010,7,13,FR_Alpha,,,,
2010,8,4,FR_Alpha,5,20.9,0.96,4.63
2010,9,15,FR_Alpha,5,14,0.86,5.06
2010,10,7,FR_Alpha,5,11,0.39,6.83
2010,4,19,FR_Beta,10,2.25,0.51,4.44
2010,4,19,FR_Beta,30,2.25,0.46,4.29
2010,4,19,FR_Beta,,,,
2010,5,16,FR_Beta,5,,0.88,4.41
2010,5,16,FR_Beta,20,,0.90,7.71
2010,6,16,FR_Beta,5,11.5,1.01,6.59
2010,6,16,FR_Beta,25,11.5,2.17,5.34
2010,7,11,FR_Beta,5,18,0.93,2.88
2010,7,11,FR_Beta,25,18,1.39,2.97
2010,7,13,FR_Beta,,,,
2010,8,4,FR_Beta,5,20.2,1.29,4.15
2010,8,4,FR_Beta,25,20.2,0.19,4.05
2010,9,15,FR_Beta,5,13,2.35,5.89
2010,9,15,FR_Beta,25,13,0.85,4.83
2010,10,7,FR_Beta,5,11,1.23,6.63
2010,10,7,FR_Beta,25,11,0.48,6.15
2010,4,19,FR_Omega,10,3.75,0.83,4.70
2010,4,19,FR_Omega,30,3.75,1.23,4.53
2010,4,19,FR_Omega,60,3.75,1.09,5.06
2010,4,19,FR_Omega,,,,
2010,5,16,FR_Omega,5,,0.66,9.96
2010,5,16,FR_Omega,10,,0.65,4.17
2010,5,16,FR_Omega,30,,1.02,3.96
2010,5,16,FR_Omega,60,,0.48,7.32
2010,6,16,FR_Omega,10,12.1,1.95,6.21
2010,6,16,FR_Omega,20,12.1,2.97,6.39
2010,6,16,FR_Omega,25,12.1,2.08,4.43
2010,6,16,FR_Omega,30,12.1,1.50,5.22
2010,6,16,FR_Omega,50,12.1,0.64,3.92
2010,6,16,FR_Omega,80,12.1,0.16,3.43
2010,7,11,FR_Omega,5,18,0.84,3.01
2010,7,11,FR_Omega,10,18,1.69,3.41
2010,7,11,FR_Omega,20,18,1.70,3.80
2010,7,11,FR_Omega,25,18,1.85,5.77
2010,7,11,FR_Omega,30,18,2.67,6.10
2010,7,11,FR_Omega,50,18,0.96,3.95
2010,7,11,FR_Omega,80,18,0.35,3.10
2010,7,13,FR_Omega,,,,
2010,8,4,FR_Omega,5,18.2,1.08,3.21
2010,8,4,FR_Omega,20,18.2,1.00,4.81
2010,8,4,FR_Omega,30,18.2,0.49,5.45
2010,8,4,FR_Omega,40,18.2,1.39,5.09
2010,8,4,FR_Omega,50,18.2,0.51,4.24
2010,8,4,FR_Omega,80,18.2,0.21,3.42
2010,9,15,FR_Omega,5,19,2.42,5.11
2010,9,15,FR_Omega,15,19,2.64,4.45
2010,9,15,FR_Omega,35,19,1.12,7.75
2010,9,15,FR_Omega,80,19,0.21,4.31
2010,10,7,FR_Omega,5,14,2.15,5.35
2010,10,7,FR_Omega,35,14,0.31,3.87
2010,10,7,FR_Omega,80,14,0.21,4.41
2010,8,2,MIDLK,5,15.9,0.70,3.43
2010,8,2,MIDLK,10,15.9,0.93,3.28
2010,8,2,MIDLK,20,15.9,1.65,7.27
2010,8,2,MIDLK,35,15.9,4.12,7.35
2010,8,2,MIDLK,50,15.9,1.12,4.10
2010,8,2,MIDLK,80,15.9,0.50,4.52
2010,3,16,Omega,10,1.9,3.24,5.66
2010,3,16,Omega,60,1.9,1.06,5.02
2010,3,18,Omega,10,1.8,3.20,
2010,3,24,Omega,,,,
2010,4,5,Omega,5,2.9,1.02,4.37
2010,4,5,Omega,10,2.9,0.99,4.21
2010,4,5,Omega,60,2.9,0.96,4.50
2010,4,12,Omega,,,,
2010,4,27,Omega,10,4.1,0.96,5.60
2010,4,27,Omega,30,4.1,0.89,3.85
2010,4,27,Omega,60,4.1,0.86,4.12
2010,5,3,Omega,10,4.6,0.61,3.72
2010,5,3,Omega,30,4.6,0.76,3.90
2010,5,3,Omega,60,4.6,0.74,4.06
2010,5,4,Omega,,,,
2010,5,6,Omega,,,,
2010,5,17,Omega,,5.5,,
2010,5,18,Omega,10,5.7,0.27,7.85
2010,5,18,Omega,30,5.7,0.46,4.62
2010,5,18,Omega,60,5.7,0.65,7.66
2010,5,25,Omega,,,,
2010,6,3,Omega,,,,
2010,6,4,Omega,5,15.3,1.88,6.97
2010,6,4,Omega,10,15.3,1.12,10.17
2010,6,4,Omega,15,15.3,1.35,6.58
2010,6,4,Omega,20,15.3,1.74,3.86
2010,6,4,Omega,50,15.3,1.17,4.53
2010,6,4,Omega,80,15.3,0.47,3.73
2010,6,6,Omega,,14.5,,
2010,6,8,Omega,,,,
2010,6,14,Omega,10,15.8,0.80,5.56
2010,6,14,Omega,25,15.8,1.22,5.15
2010,6,14,Omega,35,15.8,1.60,8.11
2010,6,14,Omega,50,15.8,1.19,3.60
2010,6,14,Omega,60,15.8,0.70,3.86
2010,6,15,Omega,,,,
2010,6,18,Omega,10,16.2,1.51,
2010,6,18,Omega,40,16.2,1.24,
2010,6,24,Omega,,,,
2010,6,29,Omega,,,,
2010,7,1,Omega,5,20.1,0.93,5.91
2010,7,1,Omega,10,20.1,1.52,6.18
2010,7,1,Omega,20,20.1,2.03,6.64
2010,7,1,Omega,35,20.1,2.01,5.56
2010,7,1,Omega,45,20.1,2.07,6.08
2010,7,1,Omega,60,20.1,0.61,5.53
2010,7,1,Omega,80,20.1,0.42,4.93
2010,7,9,Omega,,,,
2010,7,19,Omega,,,,
2010,7,26,Omega,5,23.1,0.97,3.19
2010,7,26,Omega,10,23.1,0.88,3.38
2010,7,26,Omega,20,23.1,1.84,7.77
2010,7,26,Omega,40,23.1,1.49,4.27
2010,7,26,Omega,55,23.1,0.57,3.91
2010,7,26,Omega,80,23.1,0.18,2.97
2010,7,27,Omega,,22.8,,
2010,8,3,Omega,5,22,0.86,3.57
2010,8,3,Omega,10,22,0.68,3.35
2010,8,3,Omega,20,22,1.43,8.35
2010,8,3,Omega,40,22,1.37,5.02
2010,8,3,Omega,50,22,0.80,4.22
2010,8,3,Omega,80,22,0.20,3.50
2010,8,17,Omega,5,24,0.68,3.46
2010,8,17,Omega,10,24,0.80,4.04
2010,8,17,Omega,30,24,1.19,5.35
2010,8,17,Omega,45,24,2.12,4.99
2010,8,17,Omega,60,24,0.52,3.65
2010,9,9,Omega,80,18,0.59,3.34
2010,9,9,Omega,5,18,2.92,5.95
2010,9,9,Omega,15,18,3.29,5.23
2010,9,9,Omega,35,18,0.85,8.01
2010,9,9,Omega,80,18,0.13,4.98
2010,9,28,Omega,5,,2.12,5.42
2010,9,28,Omega,15,,2.55,6.89
2010,9,28,Omega,35,,0.63,6.06
2010,9,28,Omega,80,,0.09,3.78
2010,10,18,Omega,5,14.5,1.81,
2010,10,18,Omega,25,14.5,1.41,
2010,10,18,Omega,80,14.5,0.19,
2010,11,1,Omega,5,13,1.85,14.61
2010,11,1,Omega,50,13,1.93,6.84
2010,11,1,Omega,90,13,0.21,
2010,12,3,Omega,5,7.6,1.82,3.33
2010,12,3,Omega,45,7.6,1.78,8.34
2010,12,3,Omega,80,7.6,1.30,15.46
2011,3,28,Alpha,5,1,0.48,3.89
2011,4,12,Alpha,,5.7,,
2011,4,18,Alpha,5,4.5,3.92,6.49
2011,5,5,Alpha,5,6.3,3.82,6.62
2011,6,6,Alpha,5,16.7,7.65,19.48
2011,7,12,Alpha,,22,,
2011,7,19,Alpha,5,,0.85,13.02
2011,7,26,Alpha,,,,
2011,8,8,Alpha,5,19.4,2.76,5.48
2011,9,6,Alpha,5,8,0.75,4.82
2011,9,12,Alpha,,,,
2011,10,3,Alpha,5,7,0.55,8.37
2011,11,4,Alpha,5,11,1.93,9.12
2011,12,13,Alpha,5,7,3.28,4.94
2011,3,28,Beta,5,1.1,0.29,4.33
2011,3,28,Beta,25,1.1,0.34,4.10
2011,4,12,Beta,,2.4,,
2011,4,18,Beta,5,2.7,0.99,3.92
2011,4,18,Beta,25,2.7,0.92,3.72
2011,5,5,Beta,5,4,0.68,3.67
2011,5,5,Beta,25,4,1.16,4.70
2011,6,6,Beta,5,12.8,1.42,5.78
2011,6,6,Beta,25,12.8,1.97,3.70
2011,6,10,Beta,,,,
2011,6,16,Beta,,,,
2011,7,12,Beta,,21.7,,
2011,7,19,Beta,5,,1.05,4.37
2011,7,19,Beta,25,,1.70,4.61
2011,7,26,Beta,,,,
2011,8,8,Beta,5,23.2,0.68,3.64
2011,8,8,Beta,20,23.2,1.86,4.52
2011,9,6,Beta,5,9,1.33,5.44
2011,9,6,Beta,30,9,0.79,5.93
2011,10,3,Beta,5,7,0.47,5.34
2011,10,3,Beta,30,7,0.14,3.45
2011,10,10,Beta,,,,
2011,11,4,Beta,5,11,1.05,5.61
2011,11,4,Beta,35,11,0.94,6.21
2011,11,8,Beta,,,,
2011,12,13,Beta,5,6,1.23,4.17
2011,12,13,Beta,25,6,0.98,9.65
2011,3,28,Omega,10,1,0.80,4.41
2011,3,28,Omega,60,1,0.74,3.74
2011,4,12,Omega,,2.1,,
2011,4,18,Omega,10,2.3,1.02,3.44
2011,4,18,Omega,50,2.3,1.11,3.52
2011,4,27,Omega,,,,
2011,5,5,Omega,10,2.5,0.99,3.25
2011,5,5,Omega,80,2.5,0.96,2.84
2011,6,6,Omega,5,6.5,0.33,3.45
2011,6,6,Omega,25,6.5,0.56,3.70
2011,6,6,Omega,60,6.5,1.11,4.30
2011,7,12,Omega,,19.4,,
2011,7,14,Omega,,,,
2011,7,19,Omega,5,,0.65,3.29
2011,7,19,Omega,40,,1.76,5.85
2011,7,19,Omega,70,,0.44,3.79
2011,7,26,Omega,,,,
2011,8,8,Omega,5,24.4,0.41,2.84
2011,8,8,Omega,40,24.4,1.59,4.79
2011,8,8,Omega,80,24.4,0.19,2.94
2011,8,26,Omega,,NA,,
2011,9,6,Omega,10,18,1.03,3.75
2011,9,6,Omega,40,18,1.63,4.59
2011,9,6,Omega,80,18,0.19,3.20
2011,9,12,Omega,,,,
2011,10,3,Omega,5,11,2.20,4.59
2011,10,3,Omega,55,11,2.20,3.71
2011,10,3,Omega,80,11,0.09,3.39
2011,11,4,Omega,5,11,1.71,5.93
2011,11,4,Omega,55,11,0.23,4.87
2011,11,4,Omega,80,11,0.26,3.83
2011,12,13,Omega,10,7,1.37,5.81
2011,12,13,Omega,80,7,1.14,10.31
2012,3,13,Alpha,5,3,1.91,13.53
2012,4,3,Alpha,5,6.5,1.51,5.65
2012,4,29,Alpha,5,7,0.89,2.78
2012,5,7,Alpha,5,9,3.66,9.00
2012,6,4,Alpha,5,11.5,2.40,5.33
2012,6,26,Alpha,5,17.3,1.03,4.37
2012,7,5,Alpha,5,25,2.39,4.37
2012,7,26,Alpha,5,23.8,3.23,4.31
2012,8,7,Alpha,5,23.7,1.21,3.12
2012,9,4,Alpha,5,24.4,1.09,5.04
2012,10,23,Alpha,5,15,1.98,
2012,11,5,Alpha,5,6.3,0.49,4.73
2012,12,16,Alpha,5,6.7,1.32,5.55
2012,3,13,Beta,5,2.5,0.23,10.52
2012,3,13,Beta,25,2.5,0.23,4.13
2012,4,3,Beta,5,6,0.71,5.03
2012,4,3,Beta,25,6,0.68,4.06
2012,4,29,Beta,5,6,0.53,2.89
2012,4,29,Beta,25,6,0.60,2.69
2012,5,6,Beta,5,10.8,0.73,4.01
2012,5,6,Beta,25,10.8,0.51,2.84
2012,6,4,Beta,5,8,0.53,2.95
2012,6,4,Beta,25,8,0.35,3.31
2012,6,5,Beta,,,,
2012,6,26,Beta,5,17.7,1.28,3.25
2012,6,26,Beta,25,17.7,1.84,3.72
2012,7,5,Beta,5,24,0.35,2.34
2012,7,5,Beta,25,24,0.51,3.09
2012,7,26,Beta,5,23.8,1.01,1.95
2012,7,26,Beta,25,23.8,1.05,4.46
2012,8,7,Beta,5,24.3,0.88,2.35
2012,8,7,Beta,25,24.3,0.91,2.99
2012,8,13,Beta,,,,
2012,9,4,Beta,5,24,1.65,4.32
2012,9,4,Beta,25,24,1.13,4.33
2012,10,23,Beta,5,15.3,1.88,3.66
2012,10,23,Beta,25,15.3,1.27,3.54
2012,11,5,Beta,5,6.1,0.46,3.40
2012,11,5,Beta,25,6.1,0.46,3.36
2012,12,16,Beta,5,7.4,0.45,4.87
2012,12,16,Beta,25,7.4,0.43,3.39
2012,8,13,GH 100,5,22.4,1.17,2.58
2012,8,13,GH 100,10,22.4,1.54,2.24
2012,8,13,GH 100,25,22.4,1.04,4.68
2012,8,13,GH 100,40,22.4,0.44,3.55
2012,8,13,GH 100,80,22.4,,2.21
2012,8,13,GH 45,5,12.3,2.30,4.66
2012,8,13,GH 45,25,12.3,0.32,3.31
2012,3,13,Omega,5,4,0.47,
2012,3,13,Omega,50,4,0.50,
2012,4,3,Omega,10,4.8,0.76,3.45
2012,4,3,Omega,80,4.8,0.57,2.34
2012,4,29,Omega,5,6.1,1.41,3.77
2012,4,29,Omega,40,6.1,1.27,3.14
2012,4,29,Omega,80,6.1,,2.22
2012,5,6,Omega,5,6.8,0.81,3.52
2012,5,6,Omega,20,6.8,1.02,3.94
2012,5,6,Omega,50,6.8,1.14,2.49
2012,6,4,Omega,5,11.5,0.98,3.15
2012,6,4,Omega,20,11.5,1.11,3.74
2012,6,4,Omega,35,11.5,2.21,3.81
2012,6,4,Omega,50,11.5,1.35,3.11
2012,6,4,Omega,80,11.5,0.25,2.68
2012,6,5,Omega,,,,
2012,6,26,Omega,5,17.4,0.59,1.92
2012,6,26,Omega,35,17.4,2.97,4.91
2012,6,26,Omega,40,17.4,2.68,4.25
2012,6,26,Omega,55,17.4,0.95,3.21
2012,6,26,Omega,80,17.4,0.17,2.31
2012,7,5,Omega,5,23.3,0.34,2.54
2012,7,5,Omega,37,23.3,2.35,4.90
2012,7,5,Omega,44,23.3,2.05,4.94
2012,7,5,Omega,49,23.3,1.13,4.22
2012,7,5,Omega,80,23.3,0.20,2.65
2012,7,26,Omega,5,24,0.68,
2012,7,26,Omega,18,24,0.65,
2012,7,26,Omega,32,24,1.19,
2012,7,26,Omega,36,24,0.69,
2012,7,26,Omega,80,24,0.35,
2012,8,7,Omega,5,24.6,0.78,
2012,8,7,Omega,17,24.6,0.63,2.41
2012,8,7,Omega,40,24.6,0.53,3.35
2012,8,7,Omega,80,24.6,0.13,0.94
2012,8,13,Omega,,,,
2012,9,4,Omega,5,24.1,1.01,3.34
2012,9,4,Omega,19,24.1,3.31,5.98
2012,9,4,Omega,25,24.1,3.04,6.47
2012,9,4,Omega,30,24.1,1.43,6.39
2012,9,4,Omega,80,24.1,0.13,3.93
2012,10,23,Omega,5,15.3,1.52,3.51
2012,10,23,Omega,25,15.3,1.06,
2012,10,23,Omega,80,15.3,0.18,2.09
2012,11,5,Omega,5,8.4,1.59,2.81
2012,11,5,Omega,25,8.4,1.63,3.15
2012,11,5,Omega,80,8.4,0.25,1.94
2012,12,16,Omega,5,7.1,1.37,3.00
2012,12,16,Omega,25,7.1,1.40,2.94
2012,12,16,Omega,80,7.1,1.13,3.12
2013,1,15,Alpha,5,2,1.50,8.67
2013,3,14,Alpha,5,1.4,1.73,2.98
2013,4,15,Alpha,,4.5,,
2013,4,16,Alpha,5,4,2.83,12.67
2013,4,24,Alpha,5,,5.67,
2013,4,29,Alpha,5,8.5,6.30,35.30
2013,5,9,Alpha,5,12.3,7.91,12.66
2013,5,28,Alpha,5,9,2.52,5.70
2013,6,17,Alpha,5,14.3,5.46,11.35
2013,6,25,Alpha,5,18.2,2.87,5.52
2013,7,8,Alpha,5,21.2,2.03,4.85
2013,7,16,Alpha,5,,2.38,
2013,7,22,Alpha,5,25.7,2.16,3.90
2013,8,5,Alpha,5,17,1.16,6.40
2013,8,20,Alpha,5,19,4.45,5.70
2013,9,3,Alpha,5,17.9,,4.37
2013,9,5,Alpha,,,,
2013,9,17,Alpha,5,12.9,1.60,4.75
2013,9,27,Alpha,5,,1.33,
2013,10,28,Alpha,5,12,2.50,4.45
2013,11,21,Alpha,5,9.3,0.74,5.19
2013,12,3,Alpha,5,7.7,1.22,4.66
2013,1,15,Beta,5,4.9,0.42,3.93
2013,1,15,Beta,25,4.9,0.43,3.99
2013,1,15,Beta,40,4.9,0.41,4.30
2013,3,14,Beta,5,1.3,0.71,3.11
2013,3,14,Beta,25,1.3,0.73,3.33
2013,4,15,Beta,,2.4,,
2013,4,16,Beta,5,3.1,0.65,3.83
2013,4,16,Beta,25,3.1,0.59,3.61
2013,4,29,Beta,10,5,0.78,4.58
2013,5,9,Beta,5,13.2,5.85,10.03
2013,5,9,Beta,25,13.2,0.82,3.16
2013,5,28,Beta,5,10.1,1.51,5.01
2013,5,28,Beta,25,10.1,1.38,3.75
2013,6,17,Beta,5,11.4,1.55,3.84
2013,6,17,Beta,25,11.4,3.08,4.49
2013,6,25,Beta,5,14.5,0.90,3.18
2013,6,25,Beta,25,14.5,1.29,4.01
2013,7,8,Beta,5,20.6,1.30,3.61
2013,7,8,Beta,25,20.6,1.92,4.41
2013,7,18,Beta,5,,0.42,
2013,7,18,Beta,12,,1.38,
2013,7,18,Beta,30,,2.46,
2013,7,22,Beta,5,24,0.82,2.36
2013,7,22,Beta,25,24,2.67,4.58
2013,8,5,Beta,5,19.1,0.13,4.35
2013,8,5,Beta,25,19.1,0.83,5.96
2013,8,20,Beta,5,21.6,1.03,2.45
2013,8,20,Beta,25,21.6,0.14,1.88
2013,9,3,Beta,5,21.8,,3.04
2013,9,3,Beta,25,21.8,,2.77
2013,9,5,Beta,,,,
2013,9,17,Beta,5,17.9,1.38,4.02
2013,9,17,Beta,25,17.9,0.37,2.49
2013,10,28,Beta,5,13.8,1.40,4.25
2013,10,28,Beta,25,13.8,1.09,6.45
2013,11,21,Beta,5,10.3,1.94,3.88
2013,11,21,Beta,25,10.3,0.74,3.59
2013,12,3,Beta,5,7.9,1.15,3.31
2013,12,3,Beta,25,7.9,0.95,3.12
2013,5,29,GH15,5,10.1,7.44,13.83
2013,8,7,GH15,5,19.9,2.78,5.14
2013,5,29,GH45,5,10.1,1.70,6.73
2013,5,29,GH45,25,10.1,2.30,4.72
2013,8,7,GH45,5,19.9,2.63,3.83
2013,8,7,GH45,25,19.9,1.66,5.14
2013,1,15,Omega,5,5.9,0.41,4.74
2013,1,15,Omega,25,5.9,0.43,5.20
2013,1,15,Omega,90,5.9,0.27,4.39
2013,3,14,Omega,5,3.1,0.67,2.32
2013,3,14,Omega,80,3.1,1.52,2.32
2013,4,15,Omega,,2.7,,
2013,4,16,Omega,10,3.8,0.52,2.73
2013,4,16,Omega,55,3.8,0.38,2.59
2013,4,16,Omega,80,3.8,0.33,2.30
2013,4,23,Omega,5,,0.71,
2013,4,25,Omega,5,,0.68,
2013,4,29,Omega,10,4.3,0.65,2.50
2013,5,9,Omega,5,4.9,0.63,2.81
2013,5,9,Omega,80,4.9,0.71,2.98
2013,5,28,Omega,5,7.1,0.65,3.79
2013,5,28,Omega,35,7.1,0.62,3.29
2013,5,28,Omega,80,7.1,0.31,3.36
2013,6,17,Omega,5,11.8,1.66,4.03
2013,6,17,Omega,25,11.8,1.91,4.15
2013,6,17,Omega,35,11.8,2.43,4.27
2013,6,17,Omega,80,11.8,0.20,3.78
2013,6,25,Omega,5,14.3,0.64,4.11
2013,6,25,Omega,25,14.3,0.94,4.41
2013,6,25,Omega,35,14.3,0.98,4.80
2013,6,25,Omega,80,14.3,0.32,3.48
2013,7,8,Omega,5,20.2,1.63,3.73
2013,7,8,Omega,30,20.2,1.87,3.24
2013,7,8,Omega,37,20.2,3.81,4.71
2013,7,8,Omega,50,20.2,2.10,3.60
2013,7,8,Omega,80,20.2,0.34,2.18
2013,7,16,Omega,5,,1.03,
2013,7,16,Omega,90,,0.24,
2013,7,16,Omega,35,,2.96,
2013,7,22,Omega,5,23.7,0.86,2.02
2013,7,22,Omega,20,23.7,4.10,5.21
2013,7,22,Omega,35,23.7,2.73,3.71
2013,7,22,Omega,45,23.7,1.19,2.49
2013,7,22,Omega,80,23.7,0.09,1.99
2013,8,5,Omega,5,18.7,0.59,2.88
2013,8,5,Omega,22,18.7,0.97,6.68
2013,8,5,Omega,30,18.7,2.20,3.84
2013,8,5,Omega,45,18.7,1.81,2.65
2013,8,5,Omega,80,18.7,0.28,1.92
2013,8,20,Omega,5,21.7,0.86,2.25
2013,8,20,Omega,35,21.7,0.96,2.94
2013,8,20,Omega,45,21.7,0.88,4.34
2013,8,20,Omega,60,21.7,0.23,1.88
2013,8,20,Omega,80,21.7,0.01,1.78
2013,9,3,Omega,5,22,,3.18
2013,9,3,Omega,17,22,,3.10
2013,9,3,Omega,27,22,,5.87
2013,9,3,Omega,40,22,,4.40
2013,9,3,Omega,80,22,,1.74
2013,9,5,Omega,,,,
2013,9,17,Omega,5,18.6,1.04,3.11
2013,9,17,Omega,22,18.6,0.92,3.32
2013,9,17,Omega,80,18.6,0.17,2.44
2013,9,25,Omega,5,,1.17,
2013,9,25,Omega,27,,1.52,
2013,9,27,Omega,80,,0.16,
2013,9,29,Omega,5,,1.28,
2013,10,29,Omega,5,12.4,2.16,3.05
2013,10,29,Omega,30,12.4,1.42,4.16
2013,10,29,Omega,80,12.4,0.12,2.87
2013,11,21,Omega,5,10.3,0.82,2.77
2013,11,21,Omega,30,10.3,0.91,3.25
2013,11,21,Omega,80,10.3,0.84,3.35
2013,12,3,Omega,5,7.9,1.57,3.34
2013,12,3,Omega,45,7.9,1.43,3.00
2013,12,3,Omega,95,7.9,0.21,2.71
2013,5,29,StaA,5,6.5,2.87,3.38
2013,5,29,StaA,35,6.5,0.73,3.35
2013,5,29,StaA,80,6.5,0.33,3.39
2013,8,7,StaA,5,20.6,0.95,3.34
2013,8,7,StaA,35,20.6,1.14,4.59
2013,8,7,StaA,50,20.6,1.84,3.34
2013,8,7,StaA,60,20.6,1.09,3.41
2013,8,7,StaA,80,20.6,0.16,2.84
2014,4,21,Alpha,5,3.1,1.06,4.94
2014,5,14,Alpha,5,,3.41,
2014,5,14,Alpha,5,10.3,7.62,9.96
2014,5,22,Alpha,5,11.7,8.91,16.09
2014,6,16,Alpha,5,12.1,0.75,3.60
2014,6,20,Alpha,5,18.8,7.20,8.65
2014,6,25,Alpha,5,20.8,4.90,9.23
2014,7,7,Alpha,5,22.7,2.00,6.26
2014,7,8,Alpha,5,22.1,2.52,5.73
2014,8,5,Alpha,5,21.7,1.92,4.75
2014,8,6,Alpha,5,21.4,2.06,4.46
2014,8,11,alpha,5,21.7,2.44,4.49
2014,9,2,Alpha,5,24.3,2.16,8.29
2014,9,3,Alpha,5,23.5,1.48,3.60
2014,9,15,Alpha,5,17.6,1.33,2.35
2014,9,22,Alpha,5,,1.11,
2014,10,9,Alpha,5,15.5,2.13,5.38
2014,10,10,Alpha,5,15.7,1.33,2.96
2014,10,23,Alpha,5,14.2,2.49,2.95
2014,11,5,Alpha,5,11.9,1.89,4.43
2014,12,4,Alpha,5,6.2,0.79,5.27
2014,4,21,Beta,5,2,0.57,3.17
2014,4,21,Beta,25,,0.42,2.54
2014,5,14,Beta,5,4,0.80,2.67
2014,5,14,Beta,25,,0.76,2.87
2014,5,22,Beta,5,5.6,0.74,2.93
2014,5,22,Beta,25,,0.64,3.03
2014,6,16,Beta,5,14.3,1.13,5.08
2014,6,16,Beta,25,,1.00,3.64
2014,6,25,Beta,5,21,3.03,5.38
2014,6,25,Beta,25,,0.52,2.63
2014,7,7,Beta,5,18.8,1.64,2.89
2014,7,7,Beta,25,,0.66,5.37
2014,8,5,beta,5,19.5,1.22,3.66
2014,8,5,beta,25,,2.04,3.65
2014,8,11,Beta,5,20.7,1.34,2.64
2014,8,11,Beta,25,,1.86,3.15
2014,9,2,Beta,5,23.5,1.28,3.35
2014,9,2,Beta,25,,1.10,3.51
2014,9,15,Beta,5,19.2,1.11,2.28
2014,9,15,Beta,25,,0.30,2.01
2014,9,25,Beta,5,,1.17,
2014,9,25,Beta,21,,0.79,
2014,9,25,Beta,37,,0.24,
2014,10,9,Beta,5,17.3,1.08,3.33
2014,10,9,Beta,25,,1.06,2.62
2014,10,23,Beta,5,14.4,3.18,2.73
2014,10,23,Beta,25,,3.57,2.56
2014,11,5,Beta,5,12.5,1.16,3.21
2014,11,5,Beta,25,,1.42,3.05
2014,12,4,Beta,5,7.5,0.31,2.97
2014,12,4,Beta,25,,0.48,2.77
2014,5,14,GH15,5,10.6,6.34,8.68
2014,6,20,GH15,5,19.9,7.66,29.98
2014,7,8,GH15,5,22.6,3.09,6.90
2014,8,6,GH15,5,21.7,1.99,4.66
2014,9,3,GH15,5,23.8,2.05,5.31
2014,9,18,GH15,5,15.7,1.69,5.04
2014,10,10,GH15,5,16.1,1.35,3.73
2014,12,4,GH15,5,4.7,1.19,14.75
2014,9,18,GH45,5,16.1,1.68,2.94
2014,9,18,GH45,25,,1.16,2.72
2014,5,14,Leg C #1,5,13.1,9.46,14.30
2014,6,20,Leg C #1,5,18.6,4.92,10.36
2014,7,8,Leg C #1,5,22.3,4.72,10.42
2014,8,6,Leg C #1,5,20.5,2.02,5.06
2014,9,3,Leg C #1,5,24.1,2.22,6.00
2014,10,10,Leg C #1,5,15.1,1.92,7.98
2014,12,4,Leg C #1,5,3.2,1.64,13.23
2014,5,14,Leg D #1,5,9.4,6.20,8.91
2014,6,20,Leg D #1,5,19.4,11.46,19.45
2014,7,8,Leg D #1,5,23,12.75,18.06
2014,8,6,Leg D #1,5,20.7,2.52,6.49
2014,9,3,Leg D #1,5,24.3,2.52,9.41
2014,10,10,Leg D #1,5,14.8,2.84,8.35
2014,12,4,Leg D #1,5,4,1.62,11.07
2014,5,14,Leg E #1,5,16.2,6.17,16.55
2014,6,20,Leg E #1,5,20.6,8.41,30.50
2014,7,8,Leg E #1,5,22.8,2.54,7.82
2014,8,6,Leg E #1,5,21.3,2.16,5.50
2014,9,3,Leg E #1,5,24.7,5.05,5.52
2014,10,10,Leg E #1,5,15,3.94,10.75
2014,12,4,Leg E #1,5,4,3.01,46.44
2014,4,30,M110,,2.1,,
2014,7,17,M110,5,,0.64,
2014,7,18,M110,15,,1.24,
2014,7,18,M110,5,,2.46,
2014,7,18,M110,35,,2.34,
2014,7,18,M110,105,,0.18,
2014,7,17,M15,5,,1.57,
2014,4,30,M45,,2.5,,
2014,7,10,M45,,21.1,,
2014,8,14,M45,,10.7,,
2014,10,22,M45,,14.5,,
2014,4,21,Omega,5,1.7,0.75,2.36
2014,4,21,Omega,80,,0.70,2.29
2014,5,14,Omega,5,3.2,0.73,2.71
2014,5,14,Omega,80,,0.71,2.58
2014,5,22,Omega,5,3.6,0.65,2.68
2014,5,22,Omega,80,,0.37,2.77
2014,6,16,Omega,5,11.3,0.87,3.53
2014,6,16,Omega,30,,0.84,2.85
2014,6,16,Omega,80,,0.44,2.63
2014,6,25,Omega,5,18.2,0.47,3.21
2014,6,25,Omega,35,,0.62,2.35
2014,6,25,Omega,80,,0.48,2.42
2014,7,7,Omega,5,13.8,0.29,3.26
2014,7,7,Omega,35,,1.62,2.96
2014,7,7,Omega,80,,0.42,2.26
2014,8,5,Omega,5,15.5,1.24,3.32
2014,8,5,Omega,35,,2.34,4.94
2014,8,5,Omega,80,,0.29,1.76
2014,8,11,Omega,5,18.5,1.11,2.77
2014,8,11,Omega,25,,2.10,4.58
2014,8,11,Omega,35,,2.95,4.46
2014,8,11,Omega,45,,0.98,3.05
2014,8,11,Omega,80,,0.45,1.96
2014,9,2,Omega,5,22.3,0.62,2.94
2014,9,2,Omega,30,,2.10,3.52
2014,9,2,Omega,40,,1.42,2.38
2014,9,2,Omega,50,,0.48,1.88
2014,9,2,Omega,80,,0.30,1.38
2014,9,15,Omega,5,18.5,1.18,2.21
2014,9,15,Omega,20,,1.80,3.91
2014,9,15,Omega,80,,0.33,2.06
2014,9,22,Omega,5,,1.41,
2014,9,24,Omega,88,,0.36,
2014,9,24,Omega,48,,0.45,
2014,9,24,Omega,24,,0.98,
2014,9,24,Omega,5,,1.06,
2014,10,9,Omega,5,17.8,1.60,3.00
2014,10,9,Omega,25,,1.86,2.75
2014,10,9,Omega,80,,0.19,1.52
2014,10,23,Omega,5,14.6,2.28,2.65
2014,10,23,Omega,15,,3.08,2.63
2014,10,23,Omega,80,,0.10,1.79
2014,11,5,Omega,5,11.5,1.94,3.30
2014,11,5,Omega,35,,1.99,2.44
2014,11,5,Omega,80,,0.09,1.46
2014,12,4,Omega,5,7.3,0.99,2.31
2014,12,4,Omega,80,,0.81,2.27
2014,9,18,StaA,5,18.1,1.26,2.53
2014,9,18,StaA,20,,1.55,3.49
2014,9,18,StaA,30,,0.89,2.58
2014,9,18,StaA,80,,0.18,1.85
2015,3,24,Alpha,5,1.9,0.39,1.89
2015,4,6,Alpha,5,3.5,3.69,6.80
2015,4,14,Alpha,5,4.0,3.91,8.17
2015,5,11,Alpha,5,9.6,3.65,6.23
2015,6,1,Alpha,5,13.9,1.56,8.34
2015,6,15,Alpha,5,17.1,0.96,3.15
2015,7,1,Alpha,5,14.3,1.61,4.75
2015,7,21,Alpha,5,20.2,6.75,8.58
2015,8,5,Alpha,5,25.6,2.37,4.77
2015,8,18,Alpha,5,25.5,0.82,2.94
2015,9,1,Alpha,5,23.7,1.23,3.11
2015,9,21,Alpha,5,21.7,1.19,2.69
2015,10,5,Alpha,5,10.8,0.98,2.89
2015,10,22,Alpha,5,16.1,1.50,3.17
2015,11,3,Alpha,5,14.9,2.74,4.95
2015,12,7,Alpha,5,10.9,2.14,3.69
2015,3,24,Beta,5,2.1,0.45,1.27
2015,3,24,Beta,25,2.1,0.64,1.78
2015,4,6,Beta,5,3.1,0.84,1.65
2015,4,6,Beta,25,3.1,0.84,1.88
2015,4,14,Beta,5,2.5,0.71,3.14
2015,4,14,Beta,25,2.5,0.78,2.37
2015,5,11,Beta,5,5.4,0.83,2.85
2015,5,11,Beta,25,5.4,0.75,3.20
2015,6,1,Beta,5,10.9,0.69,3.34
2015,6,1,Beta,25,10.9,0.61,2.80
2015,6,15,Beta,5,14.1,0.61,5.17
2015,6,15,Beta,25,14.1,1.00,3.31
2015,7,1,Beta,5,17.7,1.88,3.29
2015,7,1,Beta,25,17.7,0.90,2.52
2015,7,21,Beta,5,19.1,1.33,3.44
2015,7,21,Beta,25,19.1,1.63,3.47
2015,8,5,Beta,5,24.5,1.01,2.17
2015,8,5,Beta,25,24.5,2.18,3.93
2015,8,18,Beta,5,25.3,0.93,2.98
2015,8,18,Beta,25,25.3,1.02,3.54
2015,9,1,Beta,5,23.5,1.05,2.42
2015,9,1,Beta,25,23.5,1.22,3.68
2015,9,21,Beta,5,21.8,1.47,2.44
2015,9,21,Beta,25,21.8,2.11,3.43
2015,10,5,Beta,5,18.4,1.21,2.96
2015,10,5,Beta,25,18.4,1.08,2.57
2015,10,22,Beta,5,16.3,1.63,2.93
2015,10,22,Beta,25,16.3,2.20,3.65
2015,11,3,Beta,5,14.8,1.30,3.81
2015,11,3,Beta,25,14.8,1.32,2.94
2015,12,7,Beta,5,11.5,0.96,3.17
2015,12,7,Beta,25,11.5,0.91,4.07
2015,4,1,GH15,5,2.5,1.86,8.09
2015,4,14,GH15,5,3.9,2.47,4.97
2015,5,11,GH15,5,10.8,2.57,4.91
2015,6,2,GH15,5,12.5,1.19,3.27
2015,6,29,GH15,5,19.0,1.59,4.68
2015,7,22,GH15,5,19.5,1.22,3.47
2015,8,3,GH15,5,26.0,5.32,17.13
2015,9,2,GH15,5,23.8,1.71,3.31
2015,10,6,GH15,5,11.5,0.63,12.77
2015,11,3,GH15,5,14.8,2.44,4.63
2015,12,7,GH15,5,10.8,1.73,3.25
2015,6,29,GH45,5,19.4,4.00,6.05
2015,6,29,GH45,25,19.4,1.00,3.02
2015,4,1,Leg C #1,5,3.6,2.19,8.05
2015,4,14,Leg C #1,5,4.1,3.61,8.19
2015,5,11,Leg C #1,5,10.7,2.76,5.35
2015,6,2,Leg C #1,5,17.1,1.26,7.26
2015,7,22,Leg C #1,5,21.6,3.66,5.87
2015,8,3,Leg C #1,5,25.8,5.39,11.63
2015,9,2,Leg C #1,5,24.3,1.20,3.27
2015,10,6,Leg C #1,5,11.5,5.75,3.75
2015,11,3,Leg C #1,5,14.3,4.11,6.65
2015,12,7,Leg C #1,5,10.6,1.96,3.86
2015,4,1,Leg D #1,5,2.7,1.79,5.95
2015,4,14,Leg D #1,5,4.3,3.85,7.67
2015,5,11,Leg D #1,5,11.1,5.93,9.54
2015,6,2,Leg D #1,5,12.2,0.96,3.40
2015,7,22,Leg D #1,5,21.6,5.12,7.78
2015,8,3,Leg D #1,5,25.5,9.15,13.33
2015,9,2,Leg D #1,5,23.8,1.90,3.51
2015,10,6,Leg D #1,5,9.5,0.86,2.39
2015,11,3,Leg D #1,5,14.8,2.82,5.60
2015,12,7,Leg D #1,5,10.5,1.78,4.58
2015,4,1,Leg E #1,5,2.8,2.82,9.45
2015,4,14,Leg E #1,5,4.0,2.24,4.92
2015,5,11,Leg E #1,5,10.9,6.66,11.78
2015,6,2,Leg E #1,5,16.0,3.32,6.59
2015,7,22,Leg E #1,5,21.1,3.52,5.34
2015,8,3,Leg E #1,5,25.3,3.94,8.76
2015,9,2,Leg E #1,5,24.3,2.12,3.82
2015,10,6,Leg E #1,5,11.5,1.24,6.29
2015,11,3,Leg E #1,5,14.8,2.64,5.64
2015,12,7,Leg E #1,5,10.5,1.97,3.64
2015,4,28,M110,5,,0.72,
2015,4,28,M110,35,,0.74,
2015,4,28,M110,105,,0.42,
2015,5,21,M110,5,,0.62,
2015,5,21,M110,35,,0.57,
2015,5,21,M110,105,,0.53,
2015,6,25,M110,5,,0.43,
2015,6,25,M110,50,,0.55,
2015,6,25,M110,105,,0.16,
2015,7,15,M110,5,,0.98,
2015,7,15,M110,35,,1.64,
2015,8,12,M110,5,,1.32,
2015,8,12,M110,35,,2.19,
2015,8,12,M110,102,,0.12,
2015,9,25,M110,5,,1.25,
2015,9,25,M110,20,,3.22,
2015,9,25,M110,102,,0.12,
2015,10,14,M110,5,,2.10,
2015,10,14,M110,24,,2.70,
2015,10,14,M110,105,,0.07,
2015,4,1,M15,5,2.7,1.03,3.47
2015,4,28,M15,5,,1.09,
2015,5,20,M15,5,,4.28,
2015,6,2,M15,5,13.1,1.08,3.37
2015,6,23,M15,5,,5.68,
2015,7,13,M15,5,,0.95,
2015,7,22,M15,5,21.5,4.73,6.80
2015,8,3,M15,5,25.3,3.97,10.37
2015,8,12,M15,5,,1.88,
2015,9,2,M15,5,24.1,1.24,2.92
2015,9,23,M15,5,,1.35,
2015,10,6,M15,5,10.2,13.87,2.34
2015,10,14,M15,5,,2.36,
2015,7,16,M45,5,,2.22,
2015,7,16,M45,40,,0.60,
2015,3,24,Omega,5,2.1,1.03,1.53
2015,3,24,Omega,80,2.1,0.72,1.56
2015,4,6,Omega,5,3.0,0.34,2.09
2015,4,6,Omega,80,3.0,0.31,1.94
2015,4,14,Omega,5,2.8,0.61,1.66
2015,4,14,Omega,80,2.8,0.58,1.29
2015,5,11,Omega,5,4.8,0.74,2.85
2015,5,11,Omega,80,4.8,0.63,2.23
2015,6,1,Omega,5,5.9,0.45,3.08
2015,6,1,Omega,35,5.9,0.59,2.52
2015,6,1,Omega,80,5.9,0.36,3.06
2015,6,15,Omega,5,8.6,0.53,2.97
2015,6,15,Omega,35,8.6,0.43,2.17
2015,6,15,Omega,80,8.6,0.45,1.78
2015,7,1,Omega,5,17.1,1.75,3.19
2015,7,1,Omega,15,17.1,1.16,3.06
2015,7,1,Omega,80,17.1,0.30,1.74
2015,7,21,Omega,5,19.6,1.25,3.09
2015,7,21,Omega,40,19.6,2.15,3.04
2015,7,21,Omega,80,19.6,0.20,2.21
2015,8,5,Omega,5,23.2,0.92,2.70
2015,8,5,Omega,35,23.2,3.31,4.11
2015,8,5,Omega,80,23.2,0.44,2.05
2015,8,18,Omega,5,25.2,0.99,2.66
2015,8,18,Omega,35,25.2,1.99,4.00
2015,8,18,Omega,80,25.2,0.28,2.41
2015,9,1,Omega,5,23.4,0.90,2.64
2015,9,1,Omega,22,23.4,1.60,7.64
2015,9,1,Omega,80,23.4,0.19,2.29
2015,9,21,Omega,5,21.5,1.25,2.59
2015,9,21,Omega,28,21.5,1.92,4.65
2015,9,21,Omega,80,21.5,0.17,2.03
2015,10,5,Omega,5,19.1,2.07,2.79
2015,10,5,Omega,18,19.1,2.99,2.76
2015,10,5,Omega,80,19.1,0.15,1.98
2015,10,22,Omega,5,14.3,2.14,3.15
2015,10,22,Omega,80,14.3,0.16,2.03
2015,11,3,Omega,5,13.9,1.77,3.94
2015,11,3,Omega,80,13.9,0.08,2.23
2015,12,7,Omega,5,11.2,2.05,4.07
2015,12,7,Omega,80,11.2,0.08,2.36
2015,6,29,Sta A,5,14.7,0.48,2.89
2015,6,29,Sta A,35,14.7,0.77,2.60
2015,6,29,Sta A,80,14.7,0.21,1.98
2016,3,8,Alpha,5,4.9,3.55,4.82
2016,4,15,Alpha,5,8.3,1.37,4.84
2016,4,28,Alpha,5,,3.61,
2016,5,11,Alpha,5,9.1,6.42,8.52
2016,5,24,Alpha,5,11.5,3.85,
2016,6,1,Alpha,5,18.3,4.28,7.95
2016,6,14,Alpha,5,9.7,3.15,4.44
2016,7,19,Alpha,5,22.4,1.83,4.76
2016,8,3,Alpha,5,24.3,1.07,2.61
2016,8,15,Alpha,5,25.1,0.74,2.46
2016,9,20,Alpha,5,22.6,1.59,2.84
2016,10,3,Alpha,5,19.7,2.04,4.40
2016,11,1,Alpha,5,13.8,2.77,3.79
2016,12,6,alpha,5,8.1,6.42,6.15
2016,3,8,Beta,5,4.7,0.96,2.97
2016,3,8,Beta,25,4.7,0.88,2.82
2016,4,15,Beta,5,7.4,0.65,2.43
2016,4,15,Beta,25,7.4,0.61,2.64
2016,4,28,Beta,5,,0.69,
2016,5,11,Beta,5,6.9,0.70,3.05
2016,5,11,Beta,25,6.9,0.81,2.85
2016,5,24,Beta,5,11,2.40,
2016,5,24,Beta,25,11,0.93,
2016,6,1,Beta,5,13.2,0.85,4.25
2016,6,1,Beta,25,13.2,2.60,4.68
2016,6,14,Beta,5,10.3,1.15,2.92
2016,6,14,Beta,25,10.3,1.26,3.87
2016,7,19,Beta,5,21.7,0.97,2.12
2016,7,19,Beta,25,21.7,1.63,5.27
2016,8,3,Beta,5,27.1,0.82,2.01
2016,8,3,Beta,25,27.1,2.05,4.15
2016,8,15,Beta,5,25.1,0.73,1.43
2016,8,15,Beta,25,25.1,1.45,3.23
2016,9,20,Beta,5,22.8,1.70,2.39
2016,9,20,Beta,25,22.8,2.35,4.33
2016,10,3,Beta,5,21.4,1.36,3.09
2016,10,3,Beta,25,21.4,0.44,9.87
2016,11,1,Beta,5,15,2.73,3.42
2016,11,1,Beta,25,15,1.68,2.97
2016,12,6,Beta,5,9.7,1.37,3.65
2016,12,6,Beta,25,9.7,1.23,3.29
2016,3,8,GH15,5,4.5,7.13,6.76
2016,4,15,GH15,5,8.3,2.13,8.27
2016,5,10,GH15,5,7,9.80,9.99
2016,6,2,GH15,5,20.5,4.75,9.04
2016,6,15,GH15,5,13.4,3.48,3.83
2016,7,18,GH15,5,21.8,2.29,5.09
2016,8,1,GH15,5,22.6,1.24,2.23
2016,8,29,GH15,5,24.3,1.59,2.51
2016,9,22,GH15,5,22.3,4.09,4.28
2016,10,4,GH15,5,15,3.90,12.56
2016,11,3,GH15,5,14.6,3.51,3.74
2016,12,6,GH15,5,8.8,2.92,6.23
2016,6,15,GH45,5,15.3,1.17,3.50
2016,6,15,GH45,25,15.3,1.33,2.80
2016,8,29,GH45,5,24.1,1.49,2.57
2016,8,29,GH45,25,24.1,1.62,4.34
2016,3,8,Leg C #1,5,5.2,5.89,7.31
2016,4,15,Leg C #1,5,8.1,1.53,5.28
2016,5,10,Leg C #1,5,9,8.78,10.20
2016,6,2,Leg C #1,5,19.5,5.39,8.71
2016,7,18,Leg C #1,5,21.8,2.26,6.56
2016,8,1,Leg C #1,5,23.3,1.71,4.02
2016,9,22,Leg C #1,5,22.3,1.57,3.62
2016,10,4,Leg C #1,5,18.8,2.22,2.97
2016,3,8,Leg D #1,5,5.1,6.16,7.39
2016,4,15,Leg D #1,5,8.2,4.95,8.06
2016,5,10,Leg D #1,5,9.7,12.68,15.60
2016,6,2,Leg D #1,5,19.3,4.79,6.97
2016,7,18,Leg D #1,5,21.8,4.14,8.06
2016,8,1,Leg D #1,5,23.1,1.94,3.59
2016,9,22,Leg D #1,5,22.3,2.44,3.88
2016,10,4,Leg D #1,5,15.5,1.64,3.57
2016,3,8,Leg E #1,5,5.2,7.23,8.54
2016,4,15,Leg E #1,5,8.5,1.68,5.24
2016,5,10,Leg E #1,5,10.3,11.50,11.47
2016,6,2,Leg E #1,5,20.3,4.38,8.21
2016,7,18,Leg E #1,5,23,5.67,11.48
2016,8,1,Leg E #1,5,22.8,2.19,5.04
2016,9,22,Leg E #1,5,22.4,12.40,13.03
2016,10,4,Leg E #1,5,16.7,4.18,8.12
2016,11,3,Leg E #1,5,14.1,4.81,6.88
2016,12,6,Leg E #1,5,8.2,5.43,7.22
2016,11,3,LegC #1,5,14.1,4.97,4.88
2016,12,6,LegC #1,5,8.3,5.09,6.14
2016,11,3,LegD #1,5,14.4,3.60,3.95
2016,12,6,LegD #1,5,8.9,2.87,4.94
2016,5,3,M110,5,,0.50,
2016,5,3,M110,104,,0.39,
2016,7,14,M110,5,,0.76,
2016,7,14,M110,35,,1.78,
2016,7,14,M110,104,,0.17,
2016,9,15,M110,5,,1.64,
2016,9,15,M110,35,,1.22,
2016,9,15,M110,103,,0.10,
2016,3,8,M15,5,5,4.04,5.71
2016,5,2,M15,5,,3.80,
2016,5,10,M15,5,7.4,1.76,3.86
2016,6,2,M15,5,19,3.21,6.30
2016,7,18,M15,5,21.6,1.55,3.53
2016,8,1,M15,5,23.4,1.30,2.10
2016,9,14,M15,5,,3.32,
2016,9,15,M15,5,,2.45,
2016,9,22,M15,5,22.2,2.70,2.01
2016,10,4,M15,5,19.6,1.80,2.94
2016,11,3,M15,5,14.5,4.72,4.04
2016,9,8,MIDLK,5,25.4,1.38,1.78
2016,9,8,MIDLK,30,25.4,1.89,4.56
2016,9,8,MIDLK,40,25.4,2.71,4.53
2016,9,8,MIDLK,55,25.4,1.13,3.25
2016,9,8,MIDLK,140,25.4,0.24,3.05
2016,3,8,Omega,5,6.5,0.68,1.86
2016,3,8,Omega,80,6.5,0.68,2.08
2016,4,15,Omega,5,7.8,0.68,1.98
2016,4,15,Omega,80,7.8,0.65,1.76
2016,4,28,Omega,5,,0.77,
2016,5,11,Omega,5,5.8,0.37,1.66
2016,5,11,Omega,80,5.8,0.54,1.53
2016,5,24,Omega,5,8.3,0.23,
2016,5,24,Omega,80,8.3,0.64,
2016,6,1,Omega,5,11.7,0.41,3.58
2016,6,1,Omega,40,11.7,1.08,2.67
2016,6,1,Omega,80,11.7,0.27,2.45
2016,6,14,Omega,5,12.5,1.56,3.16
2016,6,14,Omega,18,12.5,1.92,3.44
2016,6,14,Omega,80,12.5,0.49,2.07
2016,7,19,Omega,5,20.6,0.57,2.09
2016,7,19,Omega,30,20.6,1.87,3.54
2016,7,19,Omega,40,20.6,3.70,4.22
2016,7,19,Omega,55,20.6,1.38,2.36
2016,7,19,Omega,80,20.6,0.33,1.30
2016,8,3,Omega,5,24.2,0.71,1.90
2016,8,3,Omega,34,24.2,2.01,3.69
2016,8,3,Omega,39,24.2,2.36,4.58
2016,8,3,Omega,53,24.2,1.04,2.19
2016,8,3,Omega,80,24.2,0.23,1.53
2016,8,15,Omega,5,25.3,0.77,9.46
2016,8,15,Omega,25,25.3,1.93,4.64
2016,8,15,Omega,43,25.3,1.80,2.54
2016,8,15,Omega,55,25.3,1.00,1.90
2016,8,15,Omega,80,25.3,0.42,1.29
2016,9,20,Omega,5,22.8,1.61,2.33
2016,9,20,Omega,25,22.8,1.66,3.91
2016,9,20,Omega,40,22.8,1.45,3.60
2016,9,20,Omega,80,22.8,0.33,1.53
2016,10,3,Omega,5,20.4,1.26,3.72
2016,10,3,Omega,25,20.4,1.55,3.42
2016,10,3,Omega,80,20.4,0.23,2.42
2016,11,1,Omega,5,14.6,2.46,3.12
2016,11,1,Omega,80,14.6,0.11,1.57
2016,12,6,Omega,5,9.6,1.76,3.49
2016,12,6,Omega,80,9.6,1.73,2.79
2016,6,15,Sta A,5,15.9,0.41,2.06
2016,6,15,Sta A,57,15.9,1.47,1.96
2016,6,15,Sta A,80,15.9,0.74,1.83
2016,8,29,Sta A,5,23.6,1.07,1.55
2016,8,29,Sta A,45,23.6,1.32,2.89
2016,8,29,Sta A,80,23.6,0.27,1.62
2017,3,20,Alpha ,5,2.1,1.03,4.56
2017,4,3,Alpha ,5,,1.22,4.02
2017,5,31,Alpha ,5,14.3,4.34,11.90
2017,6,13,Alpha ,5,19.2,1.76,5.60
2017,8,21,Alpha ,5,24,1.48,4.76
2017,9,11,Alpha ,5,,2.29,4.04
2017,10,5,Alpha ,5,15.5,2.27,3.73
2017,11,7,Alpha ,5,11.4,7.40,3.57
2017,3,20,Beta ,5,2.8,0.48,4.10
2017,3,20,Beta ,25,2.8,0.46,4.47
2017,4,3,Beta ,5,,0.74,3.19
2017,4,3,Beta ,25,,0.69,3.31
2017,5,31,Beta ,5,12.5,2.63,3.47
2017,6,13,Beta ,5,17.6,0.99,3.33
2017,6,13,Beta ,25,17.6,2.14,3.74
2017,7,5,Beta ,5,22.8,1.98,6.00
2017,7,5,Beta ,25,22.8,0.62,2.26
2017,8,21,Beta ,5,23.9,1.29,3.25
2017,8,21,Beta ,25,23.9,4.08,5.97
2017,9,11,Beta ,5,,2.14,4.10
2017,9,11,Beta ,25,,0.86,5.64
2017,10,5,Beta ,5,15,2.50,4.40
2017,10,5,Beta ,25,15,1.27,3.36
2017,11,7,Beta ,5,11.5,2.26,3.67
2017,11,7,Beta ,25,11.5,2.25,3.98
2017,3,16,GH15,5,1,0.82,4.20
2017,4,3,GH15,5,,6.00,28.18
2017,5,25,GH15,5,12.1,3.68,7.63
2017,6,2,GH15,5,18.6,2.77,8.07
2017,7,5,GH15,5,23.7,3.63,6.46
2017,8,3,GH15,5,23.1,1.45,4.83
2017,9,12,GH15,5,18,1.60,5.00
2017,10,5,GH15,5,15.5,2.96,5.15
2017,11,7,GH15,5,11.3,2.12,3.87
2017,3,16,Leg C #1 ,5,0.6,1.48,6.53
2017,4,3,Leg C #1 ,5,9.5,1.33,4.16
2017,5,25,Leg C #1 ,5,14,3.40,8.37
2017,6,2,Leg C #1 ,5,16.9,8.13,17.52
2017,7,5,Leg C #1 ,5,23,4.43,5.93
2017,8,3,Leg C #1 ,5,22.9,3.19,6.52
2017,9,12,Leg C #1 ,5,18,1.98,4.81
2017,10,5,Leg C #1 ,5,15,4.03,8.25
2017,11,7,Leg C #1 ,5,10.9,3.06,6.82
2017,3,16,Leg D #1,5,0.7,1.20,4.77
2017,4,3,Leg D #1,5,,2.90,5.38
2017,5,25,Leg D #1,5,11.9,2.82,8.60
2017,6,2,Leg D #1,5,17.5,10.57,15.29
2017,7,5,Leg D #1,5,23.4,4.15,8.13
2017,8,3,Leg D #1,5,22.9,2.69,8.27
2017,9,12,Leg D #1,5,18,1.68,4.91
2017,10,5,Leg D #1,5,15,2.16,4.43
2017,11,7,Leg D #1,5,8.5,2.74,4.90
2017,3,16,Leg E #1,5,0.9,2.53,12.41
2017,4,3,Leg E #1,5,,2.55,6.37
2017,5,25,Leg E #1,5,15.7,7.32,13.08
2017,6,2,Leg E #1,5,16.7,1.59,6.56
2017,7,5,Leg E #1,5,22.8,4.39,6.06
2017,8,3,Leg E #1,5,22.8,1.83,5.24
2017,9,12,Leg E #1,5,18,1.65,4.80
2017,10,5,Leg E #1,5,15.5,9.52,15.16
2017,11,7,Leg E #1,5,11.3,2.92,4.87
2017,5,25,M15,5,12.1,4.01,8.37
2017,6,2,M15,5,15.9,1.88,7.94
2017,7,5,M15,5,23.1,3.57,6.00
2017,8,3,M15,5,23,2.24,8.08
2017,9,12,M15,5,18,1.80,4.96
2017,3,16,M15 ,5,0.8,0.90,4.30
2017,4,12,M45,5,,0.75,
2017,3,20,Omega,5,4.6,0.83,4.32
2017,3,20,Omega,80,4.6,0.65,3.57
2017,4,3,Omega,5,,0.75,2.19
2017,4,3,Omega,80,,0.68,1.76
2017,5,31,Omega,5,10.3,0.50,3.22
2017,6,13,Omega,5,17.1,1.00,5.94
2017,6,13,Omega,30,17.1,0.68,2.75
2017,6,13,Omega,80,17.1,0.66,2.17
2017,7,5,Omega,5,21.7,0.62,2.76
2017,7,5,Omega,25,21.7,1.38,4.23
2017,7,5,Omega,80,21.7,0.27,2.09
2017,8,21,Omega,5,23.5,1.01,2.48
2017,8,21,Omega,30,23.5,0.75,3.02
2017,8,21,Omega,40,23.5,0.93,3.64
2017,8,21,Omega,50,23.5,0.73,2.67
2017,8,21,Omega,80,23.5,0.16,2.14
2017,9,11,Omega,5,,1.76,4.88
2017,9,11,Omega,22,,1.53,6.18
2017,9,11,Omega,80,,0.10,3.26
2017,10,5,Omega,5,15.5,2.01,4.57
2017,10,5,Omega,25,15.5,1.41,9.26
2017,10,5,Omega,80,15.5,0.08,2.36
2017,11,7,Omega,5,12,2.23,3.65
2017,11,7,Omega,80,12,0.14,1.89
2018,4,2,Alpha,5,2.8,1.24,4.01
2018,5,4,Alpha,5,8,4.61,5.31
2018,6,11,Alpha,5,15.1,6.45,
2018,6,25,Alpha,5,16.3,3.28,5.01
2018,7,9,Alpha,5,22.8,2.28,3.62
2018,7,23,Alpha,5,17,4.41,3.51
2018,8,13,Alpha,5,21,1.61,3.06
2018,9,7,Alpha,5,22.6,4.53,3.90
2018,9,24,Alpha,5,15.6,1.78,3.82
2018,10,2,Alpha,5,15.9,2.65,2.69
2018,11,1,Alpha,5,11.3,3.18,2.28
2018,12,4,Alpha,5,6.5,1.27,3.87
2018,4,2,Beta,25,,0.87,3.63
2018,4,2,Beta,5,2.6,0.87,3.36
2018,5,4,Beta,25,,0.29,2.08
2018,5,4,Beta,5,4,0.41,2.12
2018,6,11,Beta,25,,1.82,2.71
2018,6,11,Beta,5,15.5,2.31,6.62
2018,6,25,Beta,25,,1.49,3.13
2018,6,25,Beta,5,19.4,2.62,3.75
2018,7,9,Beta,25,,0.87,2.33
2018,7,9,Beta,5,23.2,6.21,3.99
2018,7,23,Beta,25,,0.57,2.46
2018,7,23,Beta,5,20.3,1.63,2.46
2018,8,2,Beta,25,,0.93,1.79
2018,8,2,Beta,5,23.7,0.83,1.03
2018,8,13,Beta,25,,0.54,1.87
2018,8,13,Beta,5,23,1.53,2.04
2018,9,7,Beta,25,,0.79,2.59
2018,9,7,Beta,5,22.4,2.27,2.45
2018,9,24,Beta,25,,1.41,1.58
2018,9,24,Beta,5,19.8,2.11,2.29
2018,10,2,Beta,25,,1.62,5.91
2018,10,2,Beta,5,15.9,2.61,2.52
2018,11,1,Beta,25,,3.16,2.45
2018,11,1,Beta,5,11.4,3.15,2.16
2018,12,4,Beta,25,,1.34,4.54
2018,12,4,Beta,5,7.2,1.45,4.40
2018,3,19,GH15,5,2.2,1.30,5.51
2018,4,3,GH15,5,3.5,2.21,4.88
2018,5,4,GH15,5,13.5,16.85,11.87
2018,6,13,GH15,5,17.3,3.20,5.03
2018,7,12,GH15,5,20.5,2.20,3.61
2018,8,1,GH15,5,23.1,2.13,3.93
2018,9,4,GH15,5,23.1,3.51,5.05
2018,10,1,GH15,5,15.1,2.72,3.47
2018,11,1,GH15,5,11.4,3.44,2.91
2018,12,4,GH15,5,6.9,0.92,6.21
2018,3,19,LegC #1,5,2.1,0.95,4.62
2018,4,3,LegC #1,5,3.6,9.49,9.08
2018,5,4,LegC #1,5,10.6,12.64,10.14
2018,6,13,LegC #1,5,17.8,5.71,10.86
2018,7,12,LegC #1,5,20.4,2.64,3.79
2018,8,1,LegC #1,5,23.5,2.04,3.18
2018,9,4,LegC #1,5,23.5,7.44,10.75
2018,10,1,LegC #1,5,15.3,4.47,6.71
2018,11,1,LegC #1,5,11.1,5.17,5.18
2018,12,4,LegC #1,5,6.1,2.06,8.23
2018,3,19,LegD #1,5,2.4,0.64,4.65
2018,4,3,LegD #1,5,3.3,1.33,3.76
2018,5,4,LegD #1,5,10.2,10.77,8.62
2018,6,13,LegD #1,5,16.5,4.42,5.65
2018,7,12,LegD #1,5,21,2.83,4.31
2018,8,1,LegD #1,5,23.2,2.04,3.40
2018,9,4,LegD #1,5,23.3,5.66,6.49
2018,10,1,LegD #1,5,15.3,2.89,2.99
2018,11,1,LegD #1,5,11.3,4.87,3.54
2018,12,4,LegD #1,5,6,2.86,8.57
2018,3,19,LegE #1,5,2.4,2.19,7.95
2018,4,3,LegE #1,5,4,1.39,8.93
2018,5,4,LegE #1,5,11.9,13.49,10.56
2018,6,13,LegE #1,5,18.1,5.74,9.40
2018,7,12,LegE #1,5,19.9,2.69,5.63
2018,8,1,LegE #1,5,24.2,11.91,14.92
2018,9,4,LegE #1,5,23.4,7.22,9.68
2018,10,1,LegE #1,5,15.1,10.27,11.67
2018,11,1,LegE #1,5,11.5,4.18,3.55
2018,12,4,LegE #1,5,6.2,2.66,12.64
2018,5,22,M110,102,,0.42,
2018,5,22,M110,40,,0.98,
2018,5,22,M110,5,,1.00,
2018,7,19,M110,103,,0.83,
2018,7,19,M110,40,,2.14,
2018,7,19,M110,5,,1.05,
2018,9,13,M110,103,,0.15,
2018,9,13,M110,20,,1.48,
2018,9,13,M110,5,,1.49,
2018,3,19,M15,5,2.1,0.72,3.49
2018,4,3,M15,5,3,1.02,3.67
2018,6,6,M15,5,,3.60,
2018,6,13,M15,5,16,2.67,4.66
2018,7,12,M15,5,21.3,1.45,3.49
2018,7,19,M15,5,,4.05,
2018,8,1,M15,5,23.4,1.84,3.19
2018,9,4,M15,5,23,2.67,3.16
2018,9,11,M15,5,,0.95,
2018,10,1,M15,5,15.3,3.05,3.27
2018,5,23,M45,10,,4.78,
2018,5,23,M45,2,,3.54,
2018,5,22,M45,30,,0.44,
2018,5,23,M45,5,,6.26,
2018,6,6,M45,17,,2.63,
2018,6,6,M45,36,,0.56,
2018,6,6,M45,5,,2.13,
2018,9,12,M45,5,,1.33,
2018,4,2,Omega,5,3,0.73,3.51
2018,4,2,Omega,80,,0.77,3.56
2018,5,4,Omega,5,3.5,0.61,1.86
2018,5,4,Omega,80,,0.56,1.84
2018,6,11,Omega,22,,1.64,2.40
2018,6,11,Omega,5,14.3,0.69,2.47
2018,6,11,Omega,80,,0.72,2.26
2018,6,25,Omega,15,,0.93,3.56
2018,6,25,Omega,40,,0.98,3.89
2018,6,25,Omega,5,18.7,1.19,2.35
2018,6,25,Omega,80,,0.40,2.42
2018,7,9,Omega,15,,6.37,3.60
2018,7,9,Omega,35,,2.50,3.05
2018,7,9,Omega,5,21.2,0.69,2.41
2018,7,9,Omega,80,,0.26,1.80
2018,7,23,Omega,20,,3.91,5.43
2018,7,23,Omega,40,,1.80,3.11
2018,7,23,Omega,5,22.5,1.87,3.42
2018,7,23,Omega,80,,0.21,1.67
2018,8,2,Omega,14,,1.66,2.53
2018,8,2,Omega,33,,3.02,2.04
2018,8,2,Omega,5,23.4,0.80,0.76
2018,8,2,Omega,80,,0.57,1.23
2018,8,13,Omega,20,,1.10,3.74
2018,8,13,Omega,35,,1.03,3.20
2018,8,13,Omega,5,21,0.70,2.86
2018,8,13,Omega,80,,0.39,1.67
2018,9,7,Omega,18,,1.16,2.61
2018,9,7,Omega,30,,1.50,2.10
2018,9,7,Omega,5,22.5,1.51,0.95
2018,9,7,Omega,80,,0.23,1.01
2018,9,24,Omega,20,,1.67,3.34
2018,9,24,Omega,30,,1.46,3.11
2018,9,24,Omega,5,20.5,1.53,1.60
2018,9,24,Omega,80,,0.20,1.25
2018,10,2,Omega,25,,2.18,5.03
2018,10,2,Omega,5,17.5,2.08,2.41
2018,10,2,Omega,80,,0.21,1.14
2018,11,1,Omega,5,11.3,3.01,3.37
2018,11,1,Omega,80,,0.13,1.09
2018,12,4,Omega,5,7.1,1.46,4.02
2018,12,4,Omega,80,,1.05,3.05
2019,4,9,Alpha,5,3,2.17,3.84
2019,4,10,Alpha,5,3,3.98,5.09
2019,4,29,Alpha,5,,0.71,
2019,5,6,Alpha,5,6.1,1.32,3.95
2019,5,13,Alpha,5,,1.67,
2019,5,21,Alpha,5,9.5,7.39,9.80
2019,6,11,Alpha,5,13.6,2.28,4.26
2019,6,17,Alpha,2,,6.28,
2019,6,27,Alpha,5,20.3,3.92,10.39
2019,7,8,Alpha,5,17.5,3.12,5.39
2019,7,9,Alpha,5,23.4,3.24,4.60
2019,7,22,Alpha,5,23.6,3.03,5.41
2019,7,31,Alpha,5,,1.91,
2019,8,2,Alpha,5,19.3,1.85,5.83
2019,9,5,Alpha,5,16,1.89,2.64
2019,9,24,Alpha,5,17,1.79,4.00
2019,10,8,Alpha,5,15,1.64,3.76
2019,11,18,Alpha,5,7.6,1.65,5.04
2019,12,16,Alpha,5,2.8,2.00,10.10
2019,4,10,Beta,5,2.1,0.50,2.00
2019,4,10,Beta,25,,0.51,1.73
2019,5,6,Beta,5,3.8,0.88,3.88
2019,5,6,Beta,25,,0.85,4.00
2019,5,21,Beta,5,7.8,3.31,7.08
2019,5,21,Beta,25,,1.78,4.44
2019,6,11,Beta,5,12.7,2.03,3.96
2019,6,11,Beta,25,,1.52,3.89
2019,6,18,Beta,5,,1.49,
2019,6,18,Beta,20,,2.02,
2019,6,27,Beta,5,18.3,2.37,4.34
2019,6,27,Beta,25,,2.10,4.23
2019,7,9,Beta,5,23.4,4.95,5.56
2019,7,9,Beta,25,,1.05,2.61
2019,7,31,Beta,5,,1.56,
2019,7,31,Beta,10,,1.60,
2019,7,31,Beta,20,,1.35,
2019,8,2,Beta,5,23.9,1.42,3.81
2019,8,2,Beta,25,,0.84,3.04
2019,9,5,Beta,5,18,1.25,2.35
2019,9,5,Beta,25,,1.59,6.30
2019,9,24,Beta,5,17.2,1.53,4.27
2019,9,24,Beta,25,,1.22,11.36
2019,10,8,Beta,5,16,1.41,3.27
2019,10,8,Beta,25,,1.26,3.43
2019,11,19,Beta,5,7.7,1.99,5.41
2019,11,19,Beta,25,,1.58,3.22
2019,12,16,Beta,5,4.7,0.53,5.42
2019,12,16,Beta,25,,0.47,4.09
2019,4,9,GH15,5,3.3,7.77,8.78
2019,5,6,GH15,5,11.3,10.56,33.39
2019,6,11,GH15,5,18.2,7.89,16.04
2019,7,8,GH15,5,19.1,5.25,5.33
2019,8,2,GH15,5,20.3,1.75,4.72
2019,9,5,GH15,5,16.5,2.82,9.24
2019,10,8,GH15,5,15,4.13,5.43
2019,11,18,GH15,5,7,0.97,4.79
2019,12,16,GH15,5,2.4,2.45,18.78
2019,4,9,Leg C #1,5,4,4.15,7.55
2019,5,6,Leg C #1,5,9,2.20,8.31
2019,6,11,Leg C #1,5,14.3,2.64,9.49
2019,7,8,Leg C #1,5,20.6,2.84,6.19
2019,8,2,Leg C #1,5,18.9,3.70,6.10
2019,9,5,Leg C #1,5,17,2.46,5.63
2019,10,8,Leg C #1,5,15,2.34,3.98
2019,11,18,Leg C #1,5,7.3,1.91,5.96
2019,12,16,Leg C #1,5,0.8,2.02,15.03
2019,4,9,Leg D #1,5,3.5,7.53,7.56
2019,5,6,Leg D #1,5,8.4,9.42,24.89
2019,6,11,Leg D #1,5,15.5,3.09,8.06
2019,7,8,Leg D #1,5,18.1,3.89,7.25
2019,8,2,Leg D #1,5,18.4,2.49,6.21
2019,9,5,Leg D #1,5,16.5,2.93,6.77
2019,10,8,Leg D #1,5,15,2.62,4.87
2019,11,18,Leg D #1,5,6.1,3.00,8.37
2019,12,16,Leg D #1,5,1.2,1.95,19.68
2019,4,9,Leg E #1,5,9.8,39.91,32.83
2019,5,6,Leg E #1,5,8,8.26,12.59
2019,6,11,Leg E #1,5,16.2,9.51,16.49
2019,7,8,Leg E #1,5,18.5,9.93,18.61
2019,8,2,Leg E #1,5,23.3,4.92,8.07
2019,9,5,Leg E #1,5,16,2.31,5.81
2019,10,8,Leg E #1,5,14.5,3.66,19.97
2019,11,18,Leg E #1,5,6.5,3.21,9.08
2019,12,16,Leg E #1,5,2.8,2.26,12.20
2019,4,10,Omega,5,2.2,0.82,1.15
2019,4,10,Omega,80,,0.77,1.30
2019,4,30,Omega,5,,1.06,
2019,4,30,Omega,5,,2.10,
2019,4,30,Omega,20,,1.15,
2019,5,6,Omega,5,3.5,1.00,3.51
2019,5,6,Omega,80,,1.10,2.92
2019,5,14,Omega,15,,0.70,
2019,5,21,Omega,5,4.2,0.47,1.95
2019,5,21,Omega,80,,0.43,4.16
2019,6,11,Omega,5,9.5,0.47,1.37
2019,6,11,Omega,80,,0.36,2.09
2019,6,16,Omega,35,,0.70,
2019,6,27,Omega,5,,1.56,4.23
2019,6,27,Omega,50,,1.19,2.85
2019,6,27,Omega,80,,0.79,2.04
2019,7,9,Omega,5,22.6,2.66,4.00
2019,7,9,Omega,25,,4.04,4.73
2019,7,9,Omega,80,,0.42,1.37
2019,8,1,Omega,5,,1.30,
2019,8,1,Omega,20,,1.67,
2019,8,1,Omega,40,,3.81,
2019,8,2,Omega,5,22.1,1.39,3.61
2019,8,2,Omega,25,,1.46,5.83
2019,8,2,Omega,38,,3.47,3.85
2019,8,2,Omega,50,,2.05,3.42
2019,8,2,Omega,80,,0.40,2.86
2019,9,5,Omega,5,17,0.96,1.93
2019,9,5,Omega,40,,1.62,3.43
2019,9,5,Omega,80,,0.17,2.35
2019,9,24,Omega,5,18,1.19,2.94
2019,9,24,Omega,35,,0.70,5.16
2019,9,24,Omega,80,,0.20,3.04
2019,10,8,Omega,5,16,1.22,5.22
2019,10,8,Omega,35,,0.31,2.14
2019,10,8,Omega,80,,0.17,2.41
2019,11,19,Omega,5,7,2.69,3.83
2019,11,19,Omega,80,,0.14,1.56
2019,12,16,Omega,5,5.7,0.52,2.24
2019,12,16,Omega,80,,0.57,2.41
2020,8,12,Alpha ,5,7,1.773333333,9.6205
2020,10,19,Alpha ,5,4.5,1.953333333,11.1585
2020,11,21,Alpha ,5,6,1.843333333,11.84633333
2020,12,17,Alpha ,5,13.5,1.35,11.0825
2020,8,11,Beta ,5,12,1.463333333,6.3135
2020,8,11,Beta ,25,,1.263333333,10.6255
2020,10,8,Beta ,5,,2.563333333,7.3435
2020,10,8,Beta ,25,,2.203333333,8.46
2020,10,19,Beta ,5,,1.99,5.8455
2020,10,19,Beta ,25,,2.226666667,6.629
2020,11,21,Beta ,5,6.5,2.036666667,10.32733333
2020,11,21,Beta ,25,,1.826666667,13.0435
2020,12,17,Beta ,5,16.5,1.24,3.0545
2020,12,17,Beta ,25,,1.55,2.818
2020,3,16,GH15 ,5,1.1,4.333333333,14.64066667
2020,3,16,LegC #1,5,1.4,3.873333333,13.36166667
2020,3,16,LegD #1,5,1.6,3.993333333,14.4105
2020,3,16,LegE #1,5,2.1,8.503333333,29.109
2020,3,16,M15,5,1.4,1.52,9.594666667
2020,11,21,Omega,5,10,0.613333333,5.5
2020,11,21,Omega,80,,0.533333333,1.791
2020,8,11,Omega,5,13.5,0.603333333,4.086
2020,8,11,Omega,25,,1.303333333,8.44
2020,8,11,Omega,35,,1.553333333,8.6955
2020,8,11,Omega,45,,2.29,7.2265
2020,8,11,Omega,80,,0.186666667,4.748
2020,10,8,Omega,5,11,2.953333333,7.717333333
2020,10,8,Omega,80,,0.056666667,3.714
2020,12,17,Omega,5,16.5,1.683333333,4.2455
2020,12,17,Omega,80,,1.13,1.325
,,,,,,,
,,,,,,,
,,,,,,,
,,,,,,,
,,,,,,,
,,,,,,,
,,,,,,,
,,,,,,,
,,,,,,,
,,,,,,,
,,,,,,,
,,,,,,,
,,,,,,,
,,,,,,,
,,,,,,,
,,,,,,,
,,,,,,,
,,,,,,,
,,,,,,,
